"FullName","Name"
"C:\Users\mdham\Downloads\Kingston-Engineering-College-main\Kingston-Engineering-College-main\assets\pdfs\naac\Criteria 1","Criteria 1"
"C:\Users\mdham\Downloads\Kingston-Engineering-College-main\Kingston-Engineering-College-main\assets\pdfs\naac\Criteria 2","Criteria 2"
"C:\Users\mdham\Downloads\Kingston-Engineering-College-main\Kingston-Engineering-College-main\assets\pdfs\naac\Criteria 3","Criteria 3"
"C:\Users\mdham\Downloads\Kingston-Engineering-College-main\Kingston-Engineering-College-main\assets\pdfs\naac\Criteria 4","Criteria 4"
"C:\Users\mdham\Downloads\Kingston-Engineering-College-main\Kingston-Engineering-College-main\assets\pdfs\naac\Criteria 5","Criteria 5"
"C:\Users\mdham\Downloads\Kingston-Engineering-College-main\Kingston-Engineering-College-main\assets\pdfs\naac\Criteria 6","Criteria 6"
"C:\Users\mdham\Downloads\Kingston-Engineering-College-main\Kingston-Engineering-College-main\assets\pdfs\naac\Criteria 7","Criteria 7"
"C:\Users\mdham\Downloads\Kingston-Engineering-College-main\Kingston-Engineering-College-main\assets\pdfs\naac\Extended Profile","Extended Profile"
"C:\Users\mdham\Downloads\Kingston-Engineering-College-main\Kingston-Engineering-College-main\assets\pdfs\naac\Criteria 1\1.1-New","1.1-New"
"C:\Users\mdham\Downloads\Kingston-Engineering-College-main\Kingston-Engineering-College-main\assets\pdfs\naac\Criteria 1\1.2.1","1.2.1"
"C:\Users\mdham\Downloads\Kingston-Engineering-College-main\Kingston-Engineering-College-main\assets\pdfs\naac\Criteria 1\1.2.2","1.2.2"
"C:\Users\mdham\Downloads\Kingston-Engineering-College-main\Kingston-Engineering-College-main\assets\pdfs\naac\Criteria 1\1.3.1","1.3.1"
"C:\Users\mdham\Downloads\Kingston-Engineering-College-main\Kingston-Engineering-College-main\assets\pdfs\naac\Criteria 1\1.3.2","1.3.2"
"C:\Users\mdham\Downloads\Kingston-Engineering-College-main\Kingston-Engineering-College-main\assets\pdfs\naac\Criteria 1\1.4.1","1.4.1"
"C:\Users\mdham\Downloads\Kingston-Engineering-College-main\Kingston-Engineering-College-main\assets\pdfs\naac\Criteria 1\1.1-New\Supporting Documents","Supporting Documents"
"C:\Users\mdham\Downloads\Kingston-Engineering-College-main\Kingston-Engineering-College-main\assets\pdfs\naac\Criteria 1\1.1-New\1-1-1-Front Sheet.pdf","1-1-1-Front Sheet.pdf"
"C:\Users\mdham\Downloads\Kingston-Engineering-College-main\Kingston-Engineering-College-main\assets\pdfs\naac\Criteria 1\1.1-New\1-1-1-Link Document.pdf","1-1-1-Link Document.pdf"
"C:\Users\mdham\Downloads\Kingston-Engineering-College-main\Kingston-Engineering-College-main\assets\pdfs\naac\Criteria 1\1.1-New\Supporting Documents\Attendance and Assessment.pdf","Attendance and Assessment.pdf"
"C:\Users\mdham\Downloads\Kingston-Engineering-College-main\Kingston-Engineering-College-main\assets\pdfs\naac\Criteria 1\1.1-New\Supporting Documents\AU-Academic Calender.pdf","AU-Academic Calender.pdf"
"C:\Users\mdham\Downloads\Kingston-Engineering-College-main\Kingston-Engineering-College-main\assets\pdfs\naac\Criteria 1\1.1-New\Supporting Documents\AU-Academic Schedule.pdf","AU-Academic Schedule.pdf"
"C:\Users\mdham\Downloads\Kingston-Engineering-College-main\Kingston-Engineering-College-main\assets\pdfs\naac\Criteria 1\1.1-New\Supporting Documents\AU-Internal Assessment Schedule.pdf","AU-Internal Assessment Schedule.pdf"
"C:\Users\mdham\Downloads\Kingston-Engineering-College-main\Kingston-Engineering-College-main\assets\pdfs\naac\Criteria 1\1.1-New\Supporting Documents\AU-Pract-Time Table.pdf","AU-Pract-Time Table.pdf"
"C:\Users\mdham\Downloads\Kingston-Engineering-College-main\Kingston-Engineering-College-main\assets\pdfs\naac\Criteria 1\1.1-New\Supporting Documents\AU-Question papers.pdf","AU-Question papers.pdf"
"C:\Users\mdham\Downloads\Kingston-Engineering-College-main\Kingston-Engineering-College-main\assets\pdfs\naac\Criteria 1\1.1-New\Supporting Documents\AU-Theory-Time Table.pdf","AU-Theory-Time Table.pdf"
"C:\Users\mdham\Downloads\Kingston-Engineering-College-main\Kingston-Engineering-College-main\assets\pdfs\naac\Criteria 1\1.1-New\Supporting Documents\Class Committee Meeting.pdf","Class Committee Meeting.pdf"
"C:\Users\mdham\Downloads\Kingston-Engineering-College-main\Kingston-Engineering-College-main\assets\pdfs\naac\Criteria 1\1.1-New\Supporting Documents\Dept. Time Table.pdf","Dept. Time Table.pdf"
"C:\Users\mdham\Downloads\Kingston-Engineering-College-main\Kingston-Engineering-College-main\assets\pdfs\naac\Criteria 1\1.1-New\Supporting Documents\Internal Assessment test Question Paper.pdf","Internal Assessment test Question Paper.pdf"
"C:\Users\mdham\Downloads\Kingston-Engineering-College-main\Kingston-Engineering-College-main\assets\pdfs\naac\Criteria 1\1.1-New\Supporting Documents\KNEC-Academic Schedule.pdf","KNEC-Academic Schedule.pdf"
"C:\Users\mdham\Downloads\Kingston-Engineering-College-main\Kingston-Engineering-College-main\assets\pdfs\naac\Criteria 1\1.1-New\Supporting Documents\KNEC-IAT Schedule.pdf","KNEC-IAT Schedule.pdf"
"C:\Users\mdham\Downloads\Kingston-Engineering-College-main\Kingston-Engineering-College-main\assets\pdfs\naac\Criteria 1\1.1-New\Supporting Documents\Lesson Plan.pdf","Lesson Plan.pdf"
"C:\Users\mdham\Downloads\Kingston-Engineering-College-main\Kingston-Engineering-College-main\assets\pdfs\naac\Criteria 1\1.1-New\Supporting Documents\Question bank.pdf","Question bank.pdf"
"C:\Users\mdham\Downloads\Kingston-Engineering-College-main\Kingston-Engineering-College-main\assets\pdfs\naac\Criteria 1\1.1-New\Supporting Documents\Subject Preferrence.pdf","Subject Preferrence.pdf"
"C:\Users\mdham\Downloads\Kingston-Engineering-College-main\Kingston-Engineering-College-main\assets\pdfs\naac\Criteria 1\1.1-New\Supporting Documents\WorkLoad.pdf","WorkLoad.pdf"
"C:\Users\mdham\Downloads\Kingston-Engineering-College-main\Kingston-Engineering-College-main\assets\pdfs\naac\Criteria 1\1.2.1\Supporting Documents","Supporting Documents"
"C:\Users\mdham\Downloads\Kingston-Engineering-College-main\Kingston-Engineering-College-main\assets\pdfs\naac\Criteria 1\1.2.1\1.1.1 - Front Sheet.pdf","1.1.1 - Front Sheet.pdf"
"C:\Users\mdham\Downloads\Kingston-Engineering-College-main\Kingston-Engineering-College-main\assets\pdfs\naac\Criteria 1\1.2.1\1.2.1 - Front Page.docx","1.2.1 - Front Page.docx"
"C:\Users\mdham\Downloads\Kingston-Engineering-College-main\Kingston-Engineering-College-main\assets\pdfs\naac\Criteria 1\1.2.1\1.2.1 - Front Page.pdf","1.2.1 - Front Page.pdf"
"C:\Users\mdham\Downloads\Kingston-Engineering-College-main\Kingston-Engineering-College-main\assets\pdfs\naac\Criteria 1\1.2.1\1.2.1 Link Document.docx","1.2.1 Link Document.docx"
"C:\Users\mdham\Downloads\Kingston-Engineering-College-main\Kingston-Engineering-College-main\assets\pdfs\naac\Criteria 1\1.2.1\1.2.1 Link Document.pdf","1.2.1 Link Document.pdf"
"C:\Users\mdham\Downloads\Kingston-Engineering-College-main\Kingston-Engineering-College-main\assets\pdfs\naac\Criteria 1\1.2.1\1_2022-23.pdf","1_2022-23.pdf"
"C:\Users\mdham\Downloads\Kingston-Engineering-College-main\Kingston-Engineering-College-main\assets\pdfs\naac\Criteria 1\1.2.1\2_2021-22.pdf","2_2021-22.pdf"
"C:\Users\mdham\Downloads\Kingston-Engineering-College-main\Kingston-Engineering-College-main\assets\pdfs\naac\Criteria 1\1.2.1\3_2020-21.pdf","3_2020-21.pdf"
"C:\Users\mdham\Downloads\Kingston-Engineering-College-main\Kingston-Engineering-College-main\assets\pdfs\naac\Criteria 1\1.2.1\4_2019-20.pdf","4_2019-20.pdf"
"C:\Users\mdham\Downloads\Kingston-Engineering-College-main\Kingston-Engineering-College-main\assets\pdfs\naac\Criteria 1\1.2.1\5_2018-19.pdf","5_2018-19.pdf"
"C:\Users\mdham\Downloads\Kingston-Engineering-College-main\Kingston-Engineering-College-main\assets\pdfs\naac\Criteria 1\1.2.1\Supporting Documents\2018 -2019","2018 -2019"
"C:\Users\mdham\Downloads\Kingston-Engineering-College-main\Kingston-Engineering-College-main\assets\pdfs\naac\Criteria 1\1.2.1\Supporting Documents\2019 - 2020","2019 - 2020"
"C:\Users\mdham\Downloads\Kingston-Engineering-College-main\Kingston-Engineering-College-main\assets\pdfs\naac\Criteria 1\1.2.1\Supporting Documents\2020 - 2021","2020 - 2021"
"C:\Users\mdham\Downloads\Kingston-Engineering-College-main\Kingston-Engineering-College-main\assets\pdfs\naac\Criteria 1\1.2.1\Supporting Documents\2021 -2022","2021 -2022"
"C:\Users\mdham\Downloads\Kingston-Engineering-College-main\Kingston-Engineering-College-main\assets\pdfs\naac\Criteria 1\1.2.1\Supporting Documents\2022 -2023","2022 -2023"
"C:\Users\mdham\Downloads\Kingston-Engineering-College-main\Kingston-Engineering-College-main\assets\pdfs\naac\Criteria 1\1.2.1\Supporting Documents\Bonaf_0001-1.pdf","Bonaf_0001-1.pdf"
"C:\Users\mdham\Downloads\Kingston-Engineering-College-main\Kingston-Engineering-College-main\assets\pdfs\naac\Criteria 1\1.2.1\Supporting Documents\NPTEL 18-19.pdf","NPTEL 18-19.pdf"
"C:\Users\mdham\Downloads\Kingston-Engineering-College-main\Kingston-Engineering-College-main\assets\pdfs\naac\Criteria 1\1.2.1\Supporting Documents\NPTEL 19-20 & 20-21.pdf","NPTEL 19-20 & 20-21.pdf"
"C:\Users\mdham\Downloads\Kingston-Engineering-College-main\Kingston-Engineering-College-main\assets\pdfs\naac\Criteria 1\1.2.1\Supporting Documents\NPTEL 21-22.pdf","NPTEL 21-22.pdf"
"C:\Users\mdham\Downloads\Kingston-Engineering-College-main\Kingston-Engineering-College-main\assets\pdfs\naac\Criteria 1\1.2.1\Supporting Documents\NPTEL 22-23.pdf","NPTEL 22-23.pdf"
"C:\Users\mdham\Downloads\Kingston-Engineering-College-main\Kingston-Engineering-College-main\assets\pdfs\naac\Criteria 1\1.2.1\Supporting Documents\2018 -2019\1 civil.pdf","1 civil.pdf"
"C:\Users\mdham\Downloads\Kingston-Engineering-College-main\Kingston-Engineering-College-main\assets\pdfs\naac\Criteria 1\1.2.1\Supporting Documents\2018 -2019\2.CSE_VAC_2018-19.pdf","2.CSE_VAC_2018-19.pdf"
"C:\Users\mdham\Downloads\Kingston-Engineering-College-main\Kingston-Engineering-College-main\assets\pdfs\naac\Criteria 1\1.2.1\Supporting Documents\2018 -2019\3.EEE-2018-19.pdf","3.EEE-2018-19.pdf"
"C:\Users\mdham\Downloads\Kingston-Engineering-College-main\Kingston-Engineering-College-main\assets\pdfs\naac\Criteria 1\1.2.1\Supporting Documents\2018 -2019\4.ECE_0001.pdf","4.ECE_0001.pdf"
"C:\Users\mdham\Downloads\Kingston-Engineering-College-main\Kingston-Engineering-College-main\assets\pdfs\naac\Criteria 1\1.2.1\Supporting Documents\2018 -2019\5 Mech.pdf","5 Mech.pdf"
"C:\Users\mdham\Downloads\Kingston-Engineering-College-main\Kingston-Engineering-College-main\assets\pdfs\naac\Criteria 1\1.2.1\Supporting Documents\2018 -2019\6. IT 18-19.pdf","6. IT 18-19.pdf"
"C:\Users\mdham\Downloads\Kingston-Engineering-College-main\Kingston-Engineering-College-main\assets\pdfs\naac\Criteria 1\1.2.1\Supporting Documents\2018 -2019\7.S&H.pdf","7.S&H.pdf"
"C:\Users\mdham\Downloads\Kingston-Engineering-College-main\Kingston-Engineering-College-main\assets\pdfs\naac\Criteria 1\1.2.1\Supporting Documents\2018 -2019\8.MBA.pdf","8.MBA.pdf"
"C:\Users\mdham\Downloads\Kingston-Engineering-College-main\Kingston-Engineering-College-main\assets\pdfs\naac\Criteria 1\1.2.1\Supporting Documents\2019 - 2020\1 civil.pdf","1 civil.pdf"
"C:\Users\mdham\Downloads\Kingston-Engineering-College-main\Kingston-Engineering-College-main\assets\pdfs\naac\Criteria 1\1.2.1\Supporting Documents\2019 - 2020\2.CSE_VAC_2019-20.pdf","2.CSE_VAC_2019-20.pdf"
"C:\Users\mdham\Downloads\Kingston-Engineering-College-main\Kingston-Engineering-College-main\assets\pdfs\naac\Criteria 1\1.2.1\Supporting Documents\2019 - 2020\3.EEE-2019-20.pdf","3.EEE-2019-20.pdf"
"C:\Users\mdham\Downloads\Kingston-Engineering-College-main\Kingston-Engineering-College-main\assets\pdfs\naac\Criteria 1\1.2.1\Supporting Documents\2019 - 2020\4.ECE_0001.pdf","4.ECE_0001.pdf"
"C:\Users\mdham\Downloads\Kingston-Engineering-College-main\Kingston-Engineering-College-main\assets\pdfs\naac\Criteria 1\1.2.1\Supporting Documents\2019 - 2020\5 Mech-2019.pdf","5 Mech-2019.pdf"
"C:\Users\mdham\Downloads\Kingston-Engineering-College-main\Kingston-Engineering-College-main\assets\pdfs\naac\Criteria 1\1.2.1\Supporting Documents\2019 - 2020\6. IT 19-20.pdf","6. IT 19-20.pdf"
"C:\Users\mdham\Downloads\Kingston-Engineering-College-main\Kingston-Engineering-College-main\assets\pdfs\naac\Criteria 1\1.2.1\Supporting Documents\2019 - 2020\7.S&H.pdf","7.S&H.pdf"
"C:\Users\mdham\Downloads\Kingston-Engineering-College-main\Kingston-Engineering-College-main\assets\pdfs\naac\Criteria 1\1.2.1\Supporting Documents\2019 - 2020\8.MBA.pdf","8.MBA.pdf"
"C:\Users\mdham\Downloads\Kingston-Engineering-College-main\Kingston-Engineering-College-main\assets\pdfs\naac\Criteria 1\1.2.1\Supporting Documents\2020 - 2021\1 civil.pdf","1 civil.pdf"
"C:\Users\mdham\Downloads\Kingston-Engineering-College-main\Kingston-Engineering-College-main\assets\pdfs\naac\Criteria 1\1.2.1\Supporting Documents\2020 - 2021\2.CSE_VAC_2020-21.pdf","2.CSE_VAC_2020-21.pdf"
"C:\Users\mdham\Downloads\Kingston-Engineering-College-main\Kingston-Engineering-College-main\assets\pdfs\naac\Criteria 1\1.2.1\Supporting Documents\2020 - 2021\6. IT 20-21.pdf","6. IT 20-21.pdf"
"C:\Users\mdham\Downloads\Kingston-Engineering-College-main\Kingston-Engineering-College-main\assets\pdfs\naac\Criteria 1\1.2.1\Supporting Documents\2020 - 2021\8.MBA.pdf","8.MBA.pdf"
"C:\Users\mdham\Downloads\Kingston-Engineering-College-main\Kingston-Engineering-College-main\assets\pdfs\naac\Criteria 1\1.2.1\Supporting Documents\2021 -2022\1 civil.pdf","1 civil.pdf"
"C:\Users\mdham\Downloads\Kingston-Engineering-College-main\Kingston-Engineering-College-main\assets\pdfs\naac\Criteria 1\1.2.1\Supporting Documents\2021 -2022\2.CSE_VAC_2021-22.pdf","2.CSE_VAC_2021-22.pdf"
"C:\Users\mdham\Downloads\Kingston-Engineering-College-main\Kingston-Engineering-College-main\assets\pdfs\naac\Criteria 1\1.2.1\Supporting Documents\2021 -2022\3.EEE-2021-22.pdf","3.EEE-2021-22.pdf"
"C:\Users\mdham\Downloads\Kingston-Engineering-College-main\Kingston-Engineering-College-main\assets\pdfs\naac\Criteria 1\1.2.1\Supporting Documents\2021 -2022\4.ECE_0001.pdf","4.ECE_0001.pdf"
"C:\Users\mdham\Downloads\Kingston-Engineering-College-main\Kingston-Engineering-College-main\assets\pdfs\naac\Criteria 1\1.2.1\Supporting Documents\2021 -2022\5 Mech5.pdf","5 Mech5.pdf"
"C:\Users\mdham\Downloads\Kingston-Engineering-College-main\Kingston-Engineering-College-main\assets\pdfs\naac\Criteria 1\1.2.1\Supporting Documents\2021 -2022\8.MBA.pdf","8.MBA.pdf"
"C:\Users\mdham\Downloads\Kingston-Engineering-College-main\Kingston-Engineering-College-main\assets\pdfs\naac\Criteria 1\1.2.1\Supporting Documents\2022 -2023\1 civil.pdf","1 civil.pdf"
"C:\Users\mdham\Downloads\Kingston-Engineering-College-main\Kingston-Engineering-College-main\assets\pdfs\naac\Criteria 1\1.2.1\Supporting Documents\2022 -2023\2.CSE_VAC_2022-23.pdf","2.CSE_VAC_2022-23.pdf"
"C:\Users\mdham\Downloads\Kingston-Engineering-College-main\Kingston-Engineering-College-main\assets\pdfs\naac\Criteria 1\1.2.1\Supporting Documents\2022 -2023\3 EEE 22-23.pdf","3 EEE 22-23.pdf"
"C:\Users\mdham\Downloads\Kingston-Engineering-College-main\Kingston-Engineering-College-main\assets\pdfs\naac\Criteria 1\1.2.1\Supporting Documents\2022 -2023\4.ECE_0002.pdf","4.ECE_0002.pdf"
"C:\Users\mdham\Downloads\Kingston-Engineering-College-main\Kingston-Engineering-College-main\assets\pdfs\naac\Criteria 1\1.2.1\Supporting Documents\2022 -2023\5 Mech 6.pdf","5 Mech 6.pdf"
"C:\Users\mdham\Downloads\Kingston-Engineering-College-main\Kingston-Engineering-College-main\assets\pdfs\naac\Criteria 1\1.2.1\Supporting Documents\2022 -2023\6. IT 22- 23.pdf","6. IT 22- 23.pdf"
"C:\Users\mdham\Downloads\Kingston-Engineering-College-main\Kingston-Engineering-College-main\assets\pdfs\naac\Criteria 1\1.2.1\Supporting Documents\2022 -2023\7.S&H.pdf","7.S&H.pdf"
"C:\Users\mdham\Downloads\Kingston-Engineering-College-main\Kingston-Engineering-College-main\assets\pdfs\naac\Criteria 1\1.2.1\Supporting Documents\2022 -2023\8.MBA.pdf","8.MBA.pdf"
"C:\Users\mdham\Downloads\Kingston-Engineering-College-main\Kingston-Engineering-College-main\assets\pdfs\naac\Criteria 1\1.2.2\Supporting Documents","Supporting Documents"
"C:\Users\mdham\Downloads\Kingston-Engineering-College-main\Kingston-Engineering-College-main\assets\pdfs\naac\Criteria 1\1.2.2\1.2.2 - Front Page.docx","1.2.2 - Front Page.docx"
"C:\Users\mdham\Downloads\Kingston-Engineering-College-main\Kingston-Engineering-College-main\assets\pdfs\naac\Criteria 1\1.2.2\1.2.2 - Front Page.pdf","1.2.2 - Front Page.pdf"
"C:\Users\mdham\Downloads\Kingston-Engineering-College-main\Kingston-Engineering-College-main\assets\pdfs\naac\Criteria 1\1.2.2\1.2.2 Link Document.docx","1.2.2 Link Document.docx"
"C:\Users\mdham\Downloads\Kingston-Engineering-College-main\Kingston-Engineering-College-main\assets\pdfs\naac\Criteria 1\1.2.2\1.2.2 Link Document.pdf","1.2.2 Link Document.pdf"
"C:\Users\mdham\Downloads\Kingston-Engineering-College-main\Kingston-Engineering-College-main\assets\pdfs\naac\Criteria 1\1.2.2\1.2.2.1_Enrolled list.docx","1.2.2.1_Enrolled list.docx"
"C:\Users\mdham\Downloads\Kingston-Engineering-College-main\Kingston-Engineering-College-main\assets\pdfs\naac\Criteria 1\1.2.2\1.2.2.1_Enrolled list.pdf","1.2.2.1_Enrolled list.pdf"
"C:\Users\mdham\Downloads\Kingston-Engineering-College-main\Kingston-Engineering-College-main\assets\pdfs\naac\Criteria 1\1.2.2\1.2.2.2_Certificate.pdf","1.2.2.2_Certificate.pdf"
"C:\Users\mdham\Downloads\Kingston-Engineering-College-main\Kingston-Engineering-College-main\assets\pdfs\naac\Criteria 1\1.2.2\1.pdf","1.pdf"
"C:\Users\mdham\Downloads\Kingston-Engineering-College-main\Kingston-Engineering-College-main\assets\pdfs\naac\Criteria 1\1.2.2\1_attn enroll.docx","1_attn enroll.docx"
"C:\Users\mdham\Downloads\Kingston-Engineering-College-main\Kingston-Engineering-College-main\assets\pdfs\naac\Criteria 1\1.2.2\1_cert.docx","1_cert.docx"
"C:\Users\mdham\Downloads\Kingston-Engineering-College-main\Kingston-Engineering-College-main\assets\pdfs\naac\Criteria 1\1.2.2\1_cert.pdf","1_cert.pdf"
"C:\Users\mdham\Downloads\Kingston-Engineering-College-main\Kingston-Engineering-College-main\assets\pdfs\naac\Criteria 1\1.2.2\2 _cert.pdf","2 _cert.pdf"
"C:\Users\mdham\Downloads\Kingston-Engineering-College-main\Kingston-Engineering-College-main\assets\pdfs\naac\Criteria 1\1.2.2\2.pdf","2.pdf"
"C:\Users\mdham\Downloads\Kingston-Engineering-College-main\Kingston-Engineering-College-main\assets\pdfs\naac\Criteria 1\1.2.2\2_attn enroll.docx","2_attn enroll.docx"
"C:\Users\mdham\Downloads\Kingston-Engineering-College-main\Kingston-Engineering-College-main\assets\pdfs\naac\Criteria 1\1.2.2\2_attn enroll.pdf","2_attn enroll.pdf"
"C:\Users\mdham\Downloads\Kingston-Engineering-College-main\Kingston-Engineering-College-main\assets\pdfs\naac\Criteria 1\1.2.2\3 _cert.pdf","3 _cert.pdf"
"C:\Users\mdham\Downloads\Kingston-Engineering-College-main\Kingston-Engineering-College-main\assets\pdfs\naac\Criteria 1\1.2.2\3.pdf","3.pdf"
"C:\Users\mdham\Downloads\Kingston-Engineering-College-main\Kingston-Engineering-College-main\assets\pdfs\naac\Criteria 1\1.2.2\3_attn enroll.docx","3_attn enroll.docx"
"C:\Users\mdham\Downloads\Kingston-Engineering-College-main\Kingston-Engineering-College-main\assets\pdfs\naac\Criteria 1\1.2.2\3_attn enroll.pdf","3_attn enroll.pdf"
"C:\Users\mdham\Downloads\Kingston-Engineering-College-main\Kingston-Engineering-College-main\assets\pdfs\naac\Criteria 1\1.2.2\4.pdf","4.pdf"
"C:\Users\mdham\Downloads\Kingston-Engineering-College-main\Kingston-Engineering-College-main\assets\pdfs\naac\Criteria 1\1.2.2\4_attn enroll.docx","4_attn enroll.docx"
"C:\Users\mdham\Downloads\Kingston-Engineering-College-main\Kingston-Engineering-College-main\assets\pdfs\naac\Criteria 1\1.2.2\4_cert.pdf","4_cert.pdf"
"C:\Users\mdham\Downloads\Kingston-Engineering-College-main\Kingston-Engineering-College-main\assets\pdfs\naac\Criteria 1\1.2.2\5.docx","5.docx"
"C:\Users\mdham\Downloads\Kingston-Engineering-College-main\Kingston-Engineering-College-main\assets\pdfs\naac\Criteria 1\1.2.2\5.pdf","5.pdf"
"C:\Users\mdham\Downloads\Kingston-Engineering-College-main\Kingston-Engineering-College-main\assets\pdfs\naac\Criteria 1\1.2.2\5_attn enroll.docx","5_attn enroll.docx"
"C:\Users\mdham\Downloads\Kingston-Engineering-College-main\Kingston-Engineering-College-main\assets\pdfs\naac\Criteria 1\1.2.2\5_cert.pdf","5_cert.pdf"
"C:\Users\mdham\Downloads\Kingston-Engineering-College-main\Kingston-Engineering-College-main\assets\pdfs\naac\Criteria 1\1.2.2\Supporting Documents\Enrolled list & ATT","Enrolled list & ATT"
"C:\Users\mdham\Downloads\Kingston-Engineering-College-main\Kingston-Engineering-College-main\assets\pdfs\naac\Criteria 1\1.2.2\Supporting Documents\Model Certificates","Model Certificates"
"C:\Users\mdham\Downloads\Kingston-Engineering-College-main\Kingston-Engineering-College-main\assets\pdfs\naac\Criteria 1\1.2.2\Supporting Documents\Bonaf_0001-2.pdf","Bonaf_0001-2.pdf"
"C:\Users\mdham\Downloads\Kingston-Engineering-College-main\Kingston-Engineering-College-main\assets\pdfs\naac\Criteria 1\1.2.2\Supporting Documents\Enrolled list & ATT\AY 2018 - 2019","AY 2018 - 2019"
"C:\Users\mdham\Downloads\Kingston-Engineering-College-main\Kingston-Engineering-College-main\assets\pdfs\naac\Criteria 1\1.2.2\Supporting Documents\Enrolled list & ATT\AY 2019 - 2020","AY 2019 - 2020"
"C:\Users\mdham\Downloads\Kingston-Engineering-College-main\Kingston-Engineering-College-main\assets\pdfs\naac\Criteria 1\1.2.2\Supporting Documents\Enrolled list & ATT\AY 2022 - 2023","AY 2022 - 2023"
"C:\Users\mdham\Downloads\Kingston-Engineering-College-main\Kingston-Engineering-College-main\assets\pdfs\naac\Criteria 1\1.2.2\Supporting Documents\Enrolled list & ATT\AY 2018 - 2019\10.NPTEL_0001.pdf","10.NPTEL_0001.pdf"
"C:\Users\mdham\Downloads\Kingston-Engineering-College-main\Kingston-Engineering-College-main\assets\pdfs\naac\Criteria 1\1.2.2\Supporting Documents\Enrolled list & ATT\AY 2019 - 2020\10.NPTEL_0001.pdf","10.NPTEL_0001.pdf"
"C:\Users\mdham\Downloads\Kingston-Engineering-College-main\Kingston-Engineering-College-main\assets\pdfs\naac\Criteria 1\1.2.2\Supporting Documents\Enrolled list & ATT\AY 2022 - 2023\10.NPTEL_0001.pdf","10.NPTEL_0001.pdf"
"C:\Users\mdham\Downloads\Kingston-Engineering-College-main\Kingston-Engineering-College-main\assets\pdfs\naac\Criteria 1\1.2.2\Supporting Documents\Model Certificates\AY 2020 - 2021","AY 2020 - 2021"
"C:\Users\mdham\Downloads\Kingston-Engineering-College-main\Kingston-Engineering-College-main\assets\pdfs\naac\Criteria 1\1.2.2\Supporting Documents\Model Certificates\AY 2022 - 2023","AY 2022 - 2023"
"C:\Users\mdham\Downloads\Kingston-Engineering-College-main\Kingston-Engineering-College-main\assets\pdfs\naac\Criteria 1\1.2.2\Supporting Documents\Model Certificates\AY 2020 - 2021\5 Mech.pdf","5 Mech.pdf"
"C:\Users\mdham\Downloads\Kingston-Engineering-College-main\Kingston-Engineering-College-main\assets\pdfs\naac\Criteria 1\1.2.2\Supporting Documents\Model Certificates\AY 2020 - 2021\7 S & H_0001.pdf","7 S & H_0001.pdf"
"C:\Users\mdham\Downloads\Kingston-Engineering-College-main\Kingston-Engineering-College-main\assets\pdfs\naac\Criteria 1\1.2.2\Supporting Documents\Model Certificates\AY 2022 - 2023\7 S & H_0001.pdf","7 S & H_0001.pdf"
"C:\Users\mdham\Downloads\Kingston-Engineering-College-main\Kingston-Engineering-College-main\assets\pdfs\naac\Criteria 1\1.3.1\Supporting Documents","Supporting Documents"
"C:\Users\mdham\Downloads\Kingston-Engineering-College-main\Kingston-Engineering-College-main\assets\pdfs\naac\Criteria 1\1.3.1\1.3.1 Link Document 2.pdf","1.3.1 Link Document 2.pdf"
"C:\Users\mdham\Downloads\Kingston-Engineering-College-main\Kingston-Engineering-College-main\assets\pdfs\naac\Criteria 1\1.3.1\1.3.1 Link Document.pdf","1.3.1 Link Document.pdf"
"C:\Users\mdham\Downloads\Kingston-Engineering-College-main\Kingston-Engineering-College-main\assets\pdfs\naac\Criteria 1\1.3.1\1.3.1 Relevant Info_Front Page.pdf","1.3.1 Relevant Info_Front Page.pdf"
"C:\Users\mdham\Downloads\Kingston-Engineering-College-main\Kingston-Engineering-College-main\assets\pdfs\naac\Criteria 1\1.3.1\Supporting Documents\1.3.1_b Events","1.3.1_b Events"
"C:\Users\mdham\Downloads\Kingston-Engineering-College-main\Kingston-Engineering-College-main\assets\pdfs\naac\Criteria 1\1.3.1\Supporting Documents\1.3.1. c - Audits, Awards.pdf","1.3.1. c - Audits, Awards.pdf"
"C:\Users\mdham\Downloads\Kingston-Engineering-College-main\Kingston-Engineering-College-main\assets\pdfs\naac\Criteria 1\1.3.1\Supporting Documents\1.3.1_a_1_Prof Ethics.pdf","1.3.1_a_1_Prof Ethics.pdf"
"C:\Users\mdham\Downloads\Kingston-Engineering-College-main\Kingston-Engineering-College-main\assets\pdfs\naac\Criteria 1\1.3.1\Supporting Documents\1.3.1_a_2_Gender.pdf","1.3.1_a_2_Gender.pdf"
"C:\Users\mdham\Downloads\Kingston-Engineering-College-main\Kingston-Engineering-College-main\assets\pdfs\naac\Criteria 1\1.3.1\Supporting Documents\1.3.1_a_3_Human Values.pdf","1.3.1_a_3_Human Values.pdf"
"C:\Users\mdham\Downloads\Kingston-Engineering-College-main\Kingston-Engineering-College-main\assets\pdfs\naac\Criteria 1\1.3.1\Supporting Documents\1.3.1_a_4_Env & Sustain.pdf","1.3.1_a_4_Env & Sustain.pdf"
"C:\Users\mdham\Downloads\Kingston-Engineering-College-main\Kingston-Engineering-College-main\assets\pdfs\naac\Criteria 1\1.3.1\Supporting Documents\1.3.1_b - Events.pdf","1.3.1_b - Events.pdf"
"C:\Users\mdham\Downloads\Kingston-Engineering-College-main\Kingston-Engineering-College-main\assets\pdfs\naac\Criteria 1\1.3.1\Supporting Documents\1.3.1_b Events\2018-19 Env.pdf","2018-19 Env.pdf"
"C:\Users\mdham\Downloads\Kingston-Engineering-College-main\Kingston-Engineering-College-main\assets\pdfs\naac\Criteria 1\1.3.1\Supporting Documents\1.3.1_b Events\2018-19 Gender.pdf","2018-19 Gender.pdf"
"C:\Users\mdham\Downloads\Kingston-Engineering-College-main\Kingston-Engineering-College-main\assets\pdfs\naac\Criteria 1\1.3.1\Supporting Documents\1.3.1_b Events\2018-2019 PE.pdf","2018-2019 PE.pdf"
"C:\Users\mdham\Downloads\Kingston-Engineering-College-main\Kingston-Engineering-College-main\assets\pdfs\naac\Criteria 1\1.3.1\Supporting Documents\1.3.1_b Events\2019-20 Gender.pdf","2019-20 Gender.pdf"
"C:\Users\mdham\Downloads\Kingston-Engineering-College-main\Kingston-Engineering-College-main\assets\pdfs\naac\Criteria 1\1.3.1\Supporting Documents\1.3.1_b Events\2019-2020 Env.pdf","2019-2020 Env.pdf"
"C:\Users\mdham\Downloads\Kingston-Engineering-College-main\Kingston-Engineering-College-main\assets\pdfs\naac\Criteria 1\1.3.1\Supporting Documents\1.3.1_b Events\2019-2020 HV.pdf","2019-2020 HV.pdf"
"C:\Users\mdham\Downloads\Kingston-Engineering-College-main\Kingston-Engineering-College-main\assets\pdfs\naac\Criteria 1\1.3.1\Supporting Documents\1.3.1_b Events\2019-2020 PE.pdf","2019-2020 PE.pdf"
"C:\Users\mdham\Downloads\Kingston-Engineering-College-main\Kingston-Engineering-College-main\assets\pdfs\naac\Criteria 1\1.3.1\Supporting Documents\1.3.1_b Events\2020-2021 Gender.pdf","2020-2021 Gender.pdf"
"C:\Users\mdham\Downloads\Kingston-Engineering-College-main\Kingston-Engineering-College-main\assets\pdfs\naac\Criteria 1\1.3.1\Supporting Documents\1.3.1_b Events\2021-2022 Gender.pdf","2021-2022 Gender.pdf"
"C:\Users\mdham\Downloads\Kingston-Engineering-College-main\Kingston-Engineering-College-main\assets\pdfs\naac\Criteria 1\1.3.1\Supporting Documents\1.3.1_b Events\2021-2022 Hv.pdf","2021-2022 Hv.pdf"
"C:\Users\mdham\Downloads\Kingston-Engineering-College-main\Kingston-Engineering-College-main\assets\pdfs\naac\Criteria 1\1.3.1\Supporting Documents\1.3.1_b Events\2021-2022 PE.pdf","2021-2022 PE.pdf"
"C:\Users\mdham\Downloads\Kingston-Engineering-College-main\Kingston-Engineering-College-main\assets\pdfs\naac\Criteria 1\1.3.1\Supporting Documents\1.3.1_b Events\2021-22 Env.pdf","2021-22 Env.pdf"
"C:\Users\mdham\Downloads\Kingston-Engineering-College-main\Kingston-Engineering-College-main\assets\pdfs\naac\Criteria 1\1.3.1\Supporting Documents\1.3.1_b Events\2022-2023 - HV.pdf","2022-2023 - HV.pdf"
"C:\Users\mdham\Downloads\Kingston-Engineering-College-main\Kingston-Engineering-College-main\assets\pdfs\naac\Criteria 1\1.3.1\Supporting Documents\1.3.1_b Events\2022-2023 - PE.pdf","2022-2023 - PE.pdf"
"C:\Users\mdham\Downloads\Kingston-Engineering-College-main\Kingston-Engineering-College-main\assets\pdfs\naac\Criteria 1\1.3.1\Supporting Documents\1.3.1_b Events\2022-23 Env.pdf","2022-23 Env.pdf"
"C:\Users\mdham\Downloads\Kingston-Engineering-College-main\Kingston-Engineering-College-main\assets\pdfs\naac\Criteria 1\1.3.2\Supporting Documents","Supporting Documents"
"C:\Users\mdham\Downloads\Kingston-Engineering-College-main\Kingston-Engineering-College-main\assets\pdfs\naac\Criteria 1\1.3.2\1.3.2 Link Document.pdf","1.3.2 Link Document.pdf"
"C:\Users\mdham\Downloads\Kingston-Engineering-College-main\Kingston-Engineering-College-main\assets\pdfs\naac\Criteria 1\1.3.2\1.3.2 Relevant Info_Front Page.pdf","1.3.2 Relevant Info_Front Page.pdf"
"C:\Users\mdham\Downloads\Kingston-Engineering-College-main\Kingston-Engineering-College-main\assets\pdfs\naac\Criteria 1\1.3.2\~$3.2 Relevant Info_Front Page.doc","~$3.2 Relevant Info_Front Page.doc"
"C:\Users\mdham\Downloads\Kingston-Engineering-College-main\Kingston-Engineering-College-main\assets\pdfs\naac\Criteria 1\1.3.2\Supporting Documents\2 CSE","2 CSE"
"C:\Users\mdham\Downloads\Kingston-Engineering-College-main\Kingston-Engineering-College-main\assets\pdfs\naac\Criteria 1\1.3.2\Supporting Documents\4 ECE","4 ECE"
"C:\Users\mdham\Downloads\Kingston-Engineering-College-main\Kingston-Engineering-College-main\assets\pdfs\naac\Criteria 1\1.3.2\Supporting Documents\5 Mech","5 Mech"
"C:\Users\mdham\Downloads\Kingston-Engineering-College-main\Kingston-Engineering-College-main\assets\pdfs\naac\Criteria 1\1.3.2\Supporting Documents\6 IT","6 IT"
"C:\Users\mdham\Downloads\Kingston-Engineering-College-main\Kingston-Engineering-College-main\assets\pdfs\naac\Criteria 1\1.3.2\Supporting Documents\8 ME ED","8 ME ED"
"C:\Users\mdham\Downloads\Kingston-Engineering-College-main\Kingston-Engineering-College-main\assets\pdfs\naac\Criteria 1\1.3.2\Supporting Documents\2 CSE\Project Work","Project Work"
"C:\Users\mdham\Downloads\Kingston-Engineering-College-main\Kingston-Engineering-College-main\assets\pdfs\naac\Criteria 1\1.3.2\Supporting Documents\2 CSE\Project Work\Proj & Mini_0001.pdf","Proj & Mini_0001.pdf"
"C:\Users\mdham\Downloads\Kingston-Engineering-College-main\Kingston-Engineering-College-main\assets\pdfs\naac\Criteria 1\1.3.2\Supporting Documents\4 ECE\Field Work","Field Work"
"C:\Users\mdham\Downloads\Kingston-Engineering-College-main\Kingston-Engineering-College-main\assets\pdfs\naac\Criteria 1\1.3.2\Supporting Documents\4 ECE\Field Work\Field Work_ECE_0001_merged.pdf","Field Work_ECE_0001_merged.pdf"
"C:\Users\mdham\Downloads\Kingston-Engineering-College-main\Kingston-Engineering-College-main\assets\pdfs\naac\Criteria 1\1.3.2\Supporting Documents\5 Mech\Internship","Internship"
"C:\Users\mdham\Downloads\Kingston-Engineering-College-main\Kingston-Engineering-College-main\assets\pdfs\naac\Criteria 1\1.3.2\Supporting Documents\5 Mech\Internship\Intern_0001.pdf","Intern_0001.pdf"
"C:\Users\mdham\Downloads\Kingston-Engineering-College-main\Kingston-Engineering-College-main\assets\pdfs\naac\Criteria 1\1.3.2\Supporting Documents\6 IT\Project Work","Project Work"
"C:\Users\mdham\Downloads\Kingston-Engineering-College-main\Kingston-Engineering-College-main\assets\pdfs\naac\Criteria 1\1.3.2\Supporting Documents\6 IT\Project Work\ProjectWork_IT_0001.pdf","ProjectWork_IT_0001.pdf"
"C:\Users\mdham\Downloads\Kingston-Engineering-College-main\Kingston-Engineering-College-main\assets\pdfs\naac\Criteria 1\1.3.2\Supporting Documents\8 ME ED\Proj work_0001.pdf","Proj work_0001.pdf"
"C:\Users\mdham\Downloads\Kingston-Engineering-College-main\Kingston-Engineering-College-main\assets\pdfs\naac\Criteria 1\1.4.1\Relevant Data Link","Relevant Data Link"
"C:\Users\mdham\Downloads\Kingston-Engineering-College-main\Kingston-Engineering-College-main\assets\pdfs\naac\Criteria 1\1.4.1\SSR Data Link","SSR Data Link"
"C:\Users\mdham\Downloads\Kingston-Engineering-College-main\Kingston-Engineering-College-main\assets\pdfs\naac\Criteria 1\1.4.1\Relevant Data Link\Supporting Documents","Supporting Documents"
"C:\Users\mdham\Downloads\Kingston-Engineering-College-main\Kingston-Engineering-College-main\assets\pdfs\naac\Criteria 1\1.4.1\Relevant Data Link\1.4.1 Link Document.pdf","1.4.1 Link Document.pdf"
"C:\Users\mdham\Downloads\Kingston-Engineering-College-main\Kingston-Engineering-College-main\assets\pdfs\naac\Criteria 1\1.4.1\Relevant Data Link\1.4.1_Relevant Info Front Sheet.pdf","1.4.1_Relevant Info Front Sheet.pdf"
"C:\Users\mdham\Downloads\Kingston-Engineering-College-main\Kingston-Engineering-College-main\assets\pdfs\naac\Criteria 1\1.4.1\Relevant Data Link\~$2.1 Relevant Info_Front Page.doc","~$2.1 Relevant Info_Front Page.doc"
"C:\Users\mdham\Downloads\Kingston-Engineering-College-main\Kingston-Engineering-College-main\assets\pdfs\naac\Criteria 1\1.4.1\Relevant Data Link\~$2.docx","~$2.docx"
"C:\Users\mdham\Downloads\Kingston-Engineering-College-main\Kingston-Engineering-College-main\assets\pdfs\naac\Criteria 1\1.4.1\Relevant Data Link\~$3.docx","~$3.docx"
"C:\Users\mdham\Downloads\Kingston-Engineering-College-main\Kingston-Engineering-College-main\assets\pdfs\naac\Criteria 1\1.4.1\Relevant Data Link\~$C Table of Contents.docx","~$C Table of Contents.docx"
"C:\Users\mdham\Downloads\Kingston-Engineering-College-main\Kingston-Engineering-College-main\assets\pdfs\naac\Criteria 1\1.4.1\Relevant Data Link\Supporting Documents\1.4.1._Communication with the Affiliating University.pdf","1.4.1._Communication with the Affiliating University.pdf"
"C:\Users\mdham\Downloads\Kingston-Engineering-College-main\Kingston-Engineering-College-main\assets\pdfs\naac\Criteria 1\1.4.1\Relevant Data Link\Supporting Documents\1.4.1._Feedback policy.pdf","1.4.1._Feedback policy.pdf"
"C:\Users\mdham\Downloads\Kingston-Engineering-College-main\Kingston-Engineering-College-main\assets\pdfs\naac\Criteria 1\1.4.1\Relevant Data Link\Supporting Documents\1.4.1_Authentication by Principal.pdf","1.4.1_Authentication by Principal.pdf"
"C:\Users\mdham\Downloads\Kingston-Engineering-College-main\Kingston-Engineering-College-main\assets\pdfs\naac\Criteria 1\1.4.1\Relevant Data Link\Supporting Documents\1.4.1_Unfilled Feedback forms.pdf","1.4.1_Unfilled Feedback forms.pdf"
"C:\Users\mdham\Downloads\Kingston-Engineering-College-main\Kingston-Engineering-College-main\assets\pdfs\naac\Criteria 1\1.4.1\SSR Data Link\1.4.1.1","1.4.1.1"
"C:\Users\mdham\Downloads\Kingston-Engineering-College-main\Kingston-Engineering-College-main\assets\pdfs\naac\Criteria 1\1.4.1\SSR Data Link\1.4.1.2","1.4.1.2"
"C:\Users\mdham\Downloads\Kingston-Engineering-College-main\Kingston-Engineering-College-main\assets\pdfs\naac\Criteria 1\1.4.1\SSR Data Link\1.4.1.3","1.4.1.3"
"C:\Users\mdham\Downloads\Kingston-Engineering-College-main\Kingston-Engineering-College-main\assets\pdfs\naac\Criteria 1\1.4.1\SSR Data Link\1.4.1.1\1.4.1.1 Feedback Analysis Report Link Document.pdf","1.4.1.1 Feedback Analysis Report Link Document.pdf"
"C:\Users\mdham\Downloads\Kingston-Engineering-College-main\Kingston-Engineering-College-main\assets\pdfs\naac\Criteria 1\1.4.1\SSR Data Link\1.4.1.1\1.4.1.1 Front Sheet.pdf","1.4.1.1 Front Sheet.pdf"
"C:\Users\mdham\Downloads\Kingston-Engineering-College-main\Kingston-Engineering-College-main\assets\pdfs\naac\Criteria 1\1.4.1\SSR Data Link\1.4.1.1\~$2.1.1 _2.docx","~$2.1.1 _2.docx"
"C:\Users\mdham\Downloads\Kingston-Engineering-College-main\Kingston-Engineering-College-main\assets\pdfs\naac\Criteria 1\1.4.1\SSR Data Link\1.4.1.2\1.4.1.2 Filled in feedback forms Link Document.pdf","1.4.1.2 Filled in feedback forms Link Document.pdf"
"C:\Users\mdham\Downloads\Kingston-Engineering-College-main\Kingston-Engineering-College-main\assets\pdfs\naac\Criteria 1\1.4.1\SSR Data Link\1.4.1.2\1.4.1.2 Front Sheet.pdf","1.4.1.2 Front Sheet.pdf"
"C:\Users\mdham\Downloads\Kingston-Engineering-College-main\Kingston-Engineering-College-main\assets\pdfs\naac\Criteria 1\1.4.1\SSR Data Link\1.4.1.3\Supporting Documents","Supporting Documents"
"C:\Users\mdham\Downloads\Kingston-Engineering-College-main\Kingston-Engineering-College-main\assets\pdfs\naac\Criteria 1\1.4.1\SSR Data Link\1.4.1.3\1.4.1.3 Front Sheet.pdf","1.4.1.3 Front Sheet.pdf"
"C:\Users\mdham\Downloads\Kingston-Engineering-College-main\Kingston-Engineering-College-main\assets\pdfs\naac\Criteria 1\1.4.1\SSR Data Link\1.4.1.3\1.4.1.3. Action Taken Report.pdf","1.4.1.3. Action Taken Report.pdf"
"C:\Users\mdham\Downloads\Kingston-Engineering-College-main\Kingston-Engineering-College-main\assets\pdfs\naac\Criteria 1\1.4.1\SSR Data Link\1.4.1.3\~$4.1.3 Action taken report Link Document.doc","~$4.1.3 Action taken report Link Document.doc"
"C:\Users\mdham\Downloads\Kingston-Engineering-College-main\Kingston-Engineering-College-main\assets\pdfs\naac\Criteria 1\1.4.1\SSR Data Link\1.4.1.3\Supporting Documents\Action Taken_22 -23.pdf","Action Taken_22 -23.pdf"
"C:\Users\mdham\Downloads\Kingston-Engineering-College-main\Kingston-Engineering-College-main\assets\pdfs\naac\Criteria 2\IQAC","IQAC"
"C:\Users\mdham\Downloads\Kingston-Engineering-College-main\Kingston-Engineering-College-main\assets\pdfs\naac\Criteria 2\IQAC\Qlm","Qlm"
"C:\Users\mdham\Downloads\Kingston-Engineering-College-main\Kingston-Engineering-College-main\assets\pdfs\naac\Criteria 2\IQAC\QnM","QnM"
"C:\Users\mdham\Downloads\Kingston-Engineering-College-main\Kingston-Engineering-College-main\assets\pdfs\naac\Criteria 2\IQAC\Qlm\2.3.1_Website","2.3.1_Website"
"C:\Users\mdham\Downloads\Kingston-Engineering-College-main\Kingston-Engineering-College-main\assets\pdfs\naac\Criteria 2\IQAC\Qlm\2.5.1_Website","2.5.1_Website"
"C:\Users\mdham\Downloads\Kingston-Engineering-College-main\Kingston-Engineering-College-main\assets\pdfs\naac\Criteria 2\IQAC\Qlm\2.6.1_Website","2.6.1_Website"
"C:\Users\mdham\Downloads\Kingston-Engineering-College-main\Kingston-Engineering-College-main\assets\pdfs\naac\Criteria 2\IQAC\Qlm\2.6.2_Website","2.6.2_Website"
"C:\Users\mdham\Downloads\Kingston-Engineering-College-main\Kingston-Engineering-College-main\assets\pdfs\naac\Criteria 2\IQAC\Qlm\2.3.1_Website\Supporting Documents","Supporting Documents"
"C:\Users\mdham\Downloads\Kingston-Engineering-College-main\Kingston-Engineering-College-main\assets\pdfs\naac\Criteria 2\IQAC\Qlm\2.3.1_Website\1.pdf","1.pdf"
"C:\Users\mdham\Downloads\Kingston-Engineering-College-main\Kingston-Engineering-College-main\assets\pdfs\naac\Criteria 2\IQAC\Qlm\2.3.1_Website\2.pdf","2.pdf"
"C:\Users\mdham\Downloads\Kingston-Engineering-College-main\Kingston-Engineering-College-main\assets\pdfs\naac\Criteria 2\IQAC\Qlm\2.3.1_Website\3.pdf","3.pdf"
"C:\Users\mdham\Downloads\Kingston-Engineering-College-main\Kingston-Engineering-College-main\assets\pdfs\naac\Criteria 2\IQAC\Qlm\2.3.1_Website\4.pdf","4.pdf"
"C:\Users\mdham\Downloads\Kingston-Engineering-College-main\Kingston-Engineering-College-main\assets\pdfs\naac\Criteria 2\IQAC\Qlm\2.3.1_Website\Front Page.pdf","Front Page.pdf"
"C:\Users\mdham\Downloads\Kingston-Engineering-College-main\Kingston-Engineering-College-main\assets\pdfs\naac\Criteria 2\IQAC\Qlm\2.3.1_Website\Supporting Documents\Experiential_CSE.pdf","Experiential_CSE.pdf"
"C:\Users\mdham\Downloads\Kingston-Engineering-College-main\Kingston-Engineering-College-main\assets\pdfs\naac\Criteria 2\IQAC\Qlm\2.3.1_Website\Supporting Documents\Experiential_EEE.pdf","Experiential_EEE.pdf"
"C:\Users\mdham\Downloads\Kingston-Engineering-College-main\Kingston-Engineering-College-main\assets\pdfs\naac\Criteria 2\IQAC\Qlm\2.3.1_Website\Supporting Documents\Participative_Civil.pdf","Participative_Civil.pdf"
"C:\Users\mdham\Downloads\Kingston-Engineering-College-main\Kingston-Engineering-College-main\assets\pdfs\naac\Criteria 2\IQAC\Qlm\2.3.1_Website\Supporting Documents\Participative_ECE.pdf","Participative_ECE.pdf"
"C:\Users\mdham\Downloads\Kingston-Engineering-College-main\Kingston-Engineering-College-main\assets\pdfs\naac\Criteria 2\IQAC\Qlm\2.3.1_Website\Supporting Documents\Participative_IT.pdf","Participative_IT.pdf"
"C:\Users\mdham\Downloads\Kingston-Engineering-College-main\Kingston-Engineering-College-main\assets\pdfs\naac\Criteria 2\IQAC\Qlm\2.3.1_Website\Supporting Documents\Prob_Civil.pdf","Prob_Civil.pdf"
"C:\Users\mdham\Downloads\Kingston-Engineering-College-main\Kingston-Engineering-College-main\assets\pdfs\naac\Criteria 2\IQAC\Qlm\2.3.1_Website\Supporting Documents\Prob_CSE.pdf","Prob_CSE.pdf"
"C:\Users\mdham\Downloads\Kingston-Engineering-College-main\Kingston-Engineering-College-main\assets\pdfs\naac\Criteria 2\IQAC\Qlm\2.5.1_Website\Spporting documents","Spporting documents"
"C:\Users\mdham\Downloads\Kingston-Engineering-College-main\Kingston-Engineering-College-main\assets\pdfs\naac\Criteria 2\IQAC\Qlm\2.5.1_Website\1.pdf","1.pdf"
"C:\Users\mdham\Downloads\Kingston-Engineering-College-main\Kingston-Engineering-College-main\assets\pdfs\naac\Criteria 2\IQAC\Qlm\2.5.1_Website\Front Sheet.pdf","Front Sheet.pdf"
"C:\Users\mdham\Downloads\Kingston-Engineering-College-main\Kingston-Engineering-College-main\assets\pdfs\naac\Criteria 2\IQAC\Qlm\2.5.1_Website\Summary.pdf","Summary.pdf"
"C:\Users\mdham\Downloads\Kingston-Engineering-College-main\Kingston-Engineering-College-main\assets\pdfs\naac\Criteria 2\IQAC\Qlm\2.5.1_Website\Spporting documents\Mechanism.pdf","Mechanism.pdf"
"C:\Users\mdham\Downloads\Kingston-Engineering-College-main\Kingston-Engineering-College-main\assets\pdfs\naac\Criteria 2\IQAC\Qlm\2.5.1_Website\Spporting documents\Student Grievances.pdf","Student Grievances.pdf"
"C:\Users\mdham\Downloads\Kingston-Engineering-College-main\Kingston-Engineering-College-main\assets\pdfs\naac\Criteria 2\IQAC\Qlm\2.5.1_Website\Spporting documents\Summary.docx","Summary.docx"
"C:\Users\mdham\Downloads\Kingston-Engineering-College-main\Kingston-Engineering-College-main\assets\pdfs\naac\Criteria 2\IQAC\Qlm\2.6.1_Website\Supporting Documents","Supporting Documents"
"C:\Users\mdham\Downloads\Kingston-Engineering-College-main\Kingston-Engineering-College-main\assets\pdfs\naac\Criteria 2\IQAC\Qlm\2.6.1_Website\1.pdf","1.pdf"
"C:\Users\mdham\Downloads\Kingston-Engineering-College-main\Kingston-Engineering-College-main\assets\pdfs\naac\Criteria 2\IQAC\Qlm\2.6.1_Website\Front Sheet.pdf","Front Sheet.pdf"
"C:\Users\mdham\Downloads\Kingston-Engineering-College-main\Kingston-Engineering-College-main\assets\pdfs\naac\Criteria 2\IQAC\Qlm\2.6.1_Website\Supporting Documents\Civil_CO-PO.pdf","Civil_CO-PO.pdf"
"C:\Users\mdham\Downloads\Kingston-Engineering-College-main\Kingston-Engineering-College-main\assets\pdfs\naac\Criteria 2\IQAC\Qlm\2.6.1_Website\Supporting Documents\CSE_CO-PO.pdf","CSE_CO-PO.pdf"
"C:\Users\mdham\Downloads\Kingston-Engineering-College-main\Kingston-Engineering-College-main\assets\pdfs\naac\Criteria 2\IQAC\Qlm\2.6.1_Website\Supporting Documents\ECE_CO-PO.pdf","ECE_CO-PO.pdf"
"C:\Users\mdham\Downloads\Kingston-Engineering-College-main\Kingston-Engineering-College-main\assets\pdfs\naac\Criteria 2\IQAC\Qlm\2.6.1_Website\Supporting Documents\EEE_CO-PO.pdf","EEE_CO-PO.pdf"
"C:\Users\mdham\Downloads\Kingston-Engineering-College-main\Kingston-Engineering-College-main\assets\pdfs\naac\Criteria 2\IQAC\Qlm\2.6.1_Website\Supporting Documents\MECH_CO-PO.pdf","MECH_CO-PO.pdf"
"C:\Users\mdham\Downloads\Kingston-Engineering-College-main\Kingston-Engineering-College-main\assets\pdfs\naac\Criteria 2\IQAC\Qlm\2.6.2_Website\Supporting Documents","Supporting Documents"
"C:\Users\mdham\Downloads\Kingston-Engineering-College-main\Kingston-Engineering-College-main\assets\pdfs\naac\Criteria 2\IQAC\Qlm\2.6.2_Website\1.docx","1.docx"
"C:\Users\mdham\Downloads\Kingston-Engineering-College-main\Kingston-Engineering-College-main\assets\pdfs\naac\Criteria 2\IQAC\Qlm\2.6.2_Website\1.pdf","1.pdf"
"C:\Users\mdham\Downloads\Kingston-Engineering-College-main\Kingston-Engineering-College-main\assets\pdfs\naac\Criteria 2\IQAC\Qlm\2.6.2_Website\Front Sheet.docx","Front Sheet.docx"
"C:\Users\mdham\Downloads\Kingston-Engineering-College-main\Kingston-Engineering-College-main\assets\pdfs\naac\Criteria 2\IQAC\Qlm\2.6.2_Website\Front Sheet.pdf","Front Sheet.pdf"
"C:\Users\mdham\Downloads\Kingston-Engineering-College-main\Kingston-Engineering-College-main\assets\pdfs\naac\Criteria 2\IQAC\Qlm\2.6.2_Website\Supporting Documents\Civil_Attainment.pdf","Civil_Attainment.pdf"
"C:\Users\mdham\Downloads\Kingston-Engineering-College-main\Kingston-Engineering-College-main\assets\pdfs\naac\Criteria 2\IQAC\Qlm\2.6.2_Website\Supporting Documents\CSE_Attainment.pdf","CSE_Attainment.pdf"
"C:\Users\mdham\Downloads\Kingston-Engineering-College-main\Kingston-Engineering-College-main\assets\pdfs\naac\Criteria 2\IQAC\Qlm\2.6.2_Website\Supporting Documents\ECE_Attainment.pdf","ECE_Attainment.pdf"
"C:\Users\mdham\Downloads\Kingston-Engineering-College-main\Kingston-Engineering-College-main\assets\pdfs\naac\Criteria 2\IQAC\Qlm\2.6.2_Website\Supporting Documents\EEE_Attainment.pdf","EEE_Attainment.pdf"
"C:\Users\mdham\Downloads\Kingston-Engineering-College-main\Kingston-Engineering-College-main\assets\pdfs\naac\Criteria 2\IQAC\Qlm\2.6.2_Website\Supporting Documents\IT_Attainment.pdf","IT_Attainment.pdf"
"C:\Users\mdham\Downloads\Kingston-Engineering-College-main\Kingston-Engineering-College-main\assets\pdfs\naac\Criteria 2\IQAC\Qlm\2.6.2_Website\Supporting Documents\MECH_Attainment.pdf","MECH_Attainment.pdf"
"C:\Users\mdham\Downloads\Kingston-Engineering-College-main\Kingston-Engineering-College-main\assets\pdfs\naac\Criteria 2\IQAC\QnM\2.1.1_Website","2.1.1_Website"
"C:\Users\mdham\Downloads\Kingston-Engineering-College-main\Kingston-Engineering-College-main\assets\pdfs\naac\Criteria 2\IQAC\QnM\2.1.2_Website","2.1.2_Website"
"C:\Users\mdham\Downloads\Kingston-Engineering-College-main\Kingston-Engineering-College-main\assets\pdfs\naac\Criteria 2\IQAC\QnM\2.2.1_Website","2.2.1_Website"
"C:\Users\mdham\Downloads\Kingston-Engineering-College-main\Kingston-Engineering-College-main\assets\pdfs\naac\Criteria 2\IQAC\QnM\2.4.1_Website","2.4.1_Website"
"C:\Users\mdham\Downloads\Kingston-Engineering-College-main\Kingston-Engineering-College-main\assets\pdfs\naac\Criteria 2\IQAC\QnM\2.4.2_Website","2.4.2_Website"
"C:\Users\mdham\Downloads\Kingston-Engineering-College-main\Kingston-Engineering-College-main\assets\pdfs\naac\Criteria 2\IQAC\QnM\2.6.3_Website","2.6.3_Website"
"C:\Users\mdham\Downloads\Kingston-Engineering-College-main\Kingston-Engineering-College-main\assets\pdfs\naac\Criteria 2\IQAC\QnM\2.1.1_Website\Supporting Documents","Supporting Documents"
"C:\Users\mdham\Downloads\Kingston-Engineering-College-main\Kingston-Engineering-College-main\assets\pdfs\naac\Criteria 2\IQAC\QnM\2.1.1_Website\2.1.1.xlsx","2.1.1.xlsx"
"C:\Users\mdham\Downloads\Kingston-Engineering-College-main\Kingston-Engineering-College-main\assets\pdfs\naac\Criteria 2\IQAC\QnM\2.1.1_Website\2.pdf","2.pdf"
"C:\Users\mdham\Downloads\Kingston-Engineering-College-main\Kingston-Engineering-College-main\assets\pdfs\naac\Criteria 2\IQAC\QnM\2.1.1_Website\3.pdf","3.pdf"
"C:\Users\mdham\Downloads\Kingston-Engineering-College-main\Kingston-Engineering-College-main\assets\pdfs\naac\Criteria 2\IQAC\QnM\2.1.1_Website\Front Sheet.pdf","Front Sheet.pdf"
"C:\Users\mdham\Downloads\Kingston-Engineering-College-main\Kingston-Engineering-College-main\assets\pdfs\naac\Criteria 2\IQAC\QnM\2.1.1_Website\Link 1.pdf","Link 1.pdf"
"C:\Users\mdham\Downloads\Kingston-Engineering-College-main\Kingston-Engineering-College-main\assets\pdfs\naac\Criteria 2\IQAC\QnM\2.1.1_Website\Link 2.pdf","Link 2.pdf"
"C:\Users\mdham\Downloads\Kingston-Engineering-College-main\Kingston-Engineering-College-main\assets\pdfs\naac\Criteria 2\IQAC\QnM\2.1.1_Website\Summary Sheet.pdf","Summary Sheet.pdf"
"C:\Users\mdham\Downloads\Kingston-Engineering-College-main\Kingston-Engineering-College-main\assets\pdfs\naac\Criteria 2\IQAC\QnM\2.1.1_Website\Supporting Documents\2.1.1.pdf","2.1.1.pdf"
"C:\Users\mdham\Downloads\Kingston-Engineering-College-main\Kingston-Engineering-College-main\assets\pdfs\naac\Criteria 2\IQAC\QnM\2.1.1_Website\Supporting Documents\Additional link.pdf","Additional link.pdf"
"C:\Users\mdham\Downloads\Kingston-Engineering-College-main\Kingston-Engineering-College-main\assets\pdfs\naac\Criteria 2\IQAC\QnM\2.1.1_Website\Supporting Documents\Index Sheet.docx","Index Sheet.docx"
"C:\Users\mdham\Downloads\Kingston-Engineering-College-main\Kingston-Engineering-College-main\assets\pdfs\naac\Criteria 2\IQAC\QnM\2.1.1_Website\Supporting Documents\Link1_1_2AICTE & AU Approved Letters(2018-2019).pdf","Link1_1_2AICTE & AU Approved Letters(2018-2019).pdf"
"C:\Users\mdham\Downloads\Kingston-Engineering-College-main\Kingston-Engineering-College-main\assets\pdfs\naac\Criteria 2\IQAC\QnM\2.1.1_Website\Supporting Documents\Link1_1_3AICTE & AU Approved Letters(2019-2020).pdf","Link1_1_3AICTE & AU Approved Letters(2019-2020).pdf"
"C:\Users\mdham\Downloads\Kingston-Engineering-College-main\Kingston-Engineering-College-main\assets\pdfs\naac\Criteria 2\IQAC\QnM\2.1.1_Website\Supporting Documents\Link1_1_4AICTE & AU Approved Letters(2020-2021).pdf","Link1_1_4AICTE & AU Approved Letters(2020-2021).pdf"
"C:\Users\mdham\Downloads\Kingston-Engineering-College-main\Kingston-Engineering-College-main\assets\pdfs\naac\Criteria 2\IQAC\QnM\2.1.1_Website\Supporting Documents\Link1_1_5AICTE & AU Approved Letters(2021-2022).pdf","Link1_1_5AICTE & AU Approved Letters(2021-2022).pdf"
"C:\Users\mdham\Downloads\Kingston-Engineering-College-main\Kingston-Engineering-College-main\assets\pdfs\naac\Criteria 2\IQAC\QnM\2.1.1_Website\Supporting Documents\Link1_1_6AICTE & AU Approved Letters(2022-2023).pdf","Link1_1_6AICTE & AU Approved Letters(2022-2023).pdf"
"C:\Users\mdham\Downloads\Kingston-Engineering-College-main\Kingston-Engineering-College-main\assets\pdfs\naac\Criteria 2\IQAC\QnM\2.1.1_Website\Supporting Documents\Link2_1_1 HEI Approved Students name list(2018-2019).pdf","Link2_1_1 HEI Approved Students name list(2018-2019).pdf"
"C:\Users\mdham\Downloads\Kingston-Engineering-College-main\Kingston-Engineering-College-main\assets\pdfs\naac\Criteria 2\IQAC\QnM\2.1.1_Website\Supporting Documents\Link2_1_2 HEI Approved Students name list(2019-2020).pdf","Link2_1_2 HEI Approved Students name list(2019-2020).pdf"
"C:\Users\mdham\Downloads\Kingston-Engineering-College-main\Kingston-Engineering-College-main\assets\pdfs\naac\Criteria 2\IQAC\QnM\2.1.1_Website\Supporting Documents\Link2_1_3 HEI Approved Students name list(2020-2021).pdf","Link2_1_3 HEI Approved Students name list(2020-2021).pdf"
"C:\Users\mdham\Downloads\Kingston-Engineering-College-main\Kingston-Engineering-College-main\assets\pdfs\naac\Criteria 2\IQAC\QnM\2.1.1_Website\Supporting Documents\Link2_1_4 HEI Approved Students name list(2021-2022).pdf","Link2_1_4 HEI Approved Students name list(2021-2022).pdf"
"C:\Users\mdham\Downloads\Kingston-Engineering-College-main\Kingston-Engineering-College-main\assets\pdfs\naac\Criteria 2\IQAC\QnM\2.1.2_Website\Supporting Documents","Supporting Documents"
"C:\Users\mdham\Downloads\Kingston-Engineering-College-main\Kingston-Engineering-College-main\assets\pdfs\naac\Criteria 2\IQAC\QnM\2.1.2_Website\1.pdf","1.pdf"
"C:\Users\mdham\Downloads\Kingston-Engineering-College-main\Kingston-Engineering-College-main\assets\pdfs\naac\Criteria 2\IQAC\QnM\2.1.2_Website\1_1.pdf","1_1.pdf"
"C:\Users\mdham\Downloads\Kingston-Engineering-College-main\Kingston-Engineering-College-main\assets\pdfs\naac\Criteria 2\IQAC\QnM\2.1.2_Website\2.1.2.xlsx","2.1.2.xlsx"
"C:\Users\mdham\Downloads\Kingston-Engineering-College-main\Kingston-Engineering-College-main\assets\pdfs\naac\Criteria 2\IQAC\QnM\2.1.2_Website\2_1.pdf","2_1.pdf"
"C:\Users\mdham\Downloads\Kingston-Engineering-College-main\Kingston-Engineering-College-main\assets\pdfs\naac\Criteria 2\IQAC\QnM\2.1.2_Website\Front Sheet.pdf","Front Sheet.pdf"
"C:\Users\mdham\Downloads\Kingston-Engineering-College-main\Kingston-Engineering-College-main\assets\pdfs\naac\Criteria 2\IQAC\QnM\2.1.2_Website\Summary.pdf","Summary.pdf"
"C:\Users\mdham\Downloads\Kingston-Engineering-College-main\Kingston-Engineering-College-main\assets\pdfs\naac\Criteria 2\IQAC\QnM\2.1.2_Website\Supporting Documents\JUSTIFICATION.docx","JUSTIFICATION.docx"
"C:\Users\mdham\Downloads\Kingston-Engineering-College-main\Kingston-Engineering-College-main\assets\pdfs\naac\Criteria 2\IQAC\QnM\2.1.2_Website\Supporting Documents\Link1_1 Letter issued by the state govt.pdf","Link1_1 Letter issued by the state govt.pdf"
"C:\Users\mdham\Downloads\Kingston-Engineering-College-main\Kingston-Engineering-College-main\assets\pdfs\naac\Criteria 2\IQAC\QnM\2.1.2_Website\Supporting Documents\Link2_1_1 Final Admission list by HEI (2022-2023).pdf","Link2_1_1 Final Admission list by HEI (2022-2023).pdf"
"C:\Users\mdham\Downloads\Kingston-Engineering-College-main\Kingston-Engineering-College-main\assets\pdfs\naac\Criteria 2\IQAC\QnM\2.1.2_Website\Supporting Documents\Link2_1_2 Final Admission list by HEI (2021-2022).pdf","Link2_1_2 Final Admission list by HEI (2021-2022).pdf"
"C:\Users\mdham\Downloads\Kingston-Engineering-College-main\Kingston-Engineering-College-main\assets\pdfs\naac\Criteria 2\IQAC\QnM\2.1.2_Website\Supporting Documents\Link2_1_3 Final Admission list by HEI (2020-2021).pdf","Link2_1_3 Final Admission list by HEI (2020-2021).pdf"
"C:\Users\mdham\Downloads\Kingston-Engineering-College-main\Kingston-Engineering-College-main\assets\pdfs\naac\Criteria 2\IQAC\QnM\2.1.2_Website\Supporting Documents\Link2_1_4 Final Admission list by HEI (2019-2020).pdf","Link2_1_4 Final Admission list by HEI (2019-2020).pdf"
"C:\Users\mdham\Downloads\Kingston-Engineering-College-main\Kingston-Engineering-College-main\assets\pdfs\naac\Criteria 2\IQAC\QnM\2.1.2_Website\Supporting Documents\Link2_1_5 Final Admission list by HEI (2018-2019).pdf","Link2_1_5 Final Admission list by HEI (2018-2019).pdf"
"C:\Users\mdham\Downloads\Kingston-Engineering-College-main\Kingston-Engineering-College-main\assets\pdfs\naac\Criteria 2\IQAC\QnM\2.1.2_Website\Supporting Documents\Main Link_1.pdf","Main Link_1.pdf"
"C:\Users\mdham\Downloads\Kingston-Engineering-College-main\Kingston-Engineering-College-main\assets\pdfs\naac\Criteria 2\IQAC\QnM\2.1.2_Website\Supporting Documents\SUMMARY.docx","SUMMARY.docx"
"C:\Users\mdham\Downloads\Kingston-Engineering-College-main\Kingston-Engineering-College-main\assets\pdfs\naac\Criteria 2\IQAC\QnM\2.2.1_Website\Supporting Documents","Supporting Documents"
"C:\Users\mdham\Downloads\Kingston-Engineering-College-main\Kingston-Engineering-College-main\assets\pdfs\naac\Criteria 2\IQAC\QnM\2.2.1_Website\1.pdf","1.pdf"
"C:\Users\mdham\Downloads\Kingston-Engineering-College-main\Kingston-Engineering-College-main\assets\pdfs\naac\Criteria 2\IQAC\QnM\2.2.1_Website\Front Page.pdf","Front Page.pdf"
"C:\Users\mdham\Downloads\Kingston-Engineering-College-main\Kingston-Engineering-College-main\assets\pdfs\naac\Criteria 2\IQAC\QnM\2.2.1_Website\Summary Sheet.pdf","Summary Sheet.pdf"
"C:\Users\mdham\Downloads\Kingston-Engineering-College-main\Kingston-Engineering-College-main\assets\pdfs\naac\Criteria 2\IQAC\QnM\2.2.1_Website\Supporting Documents\Faculty List.pdf","Faculty List.pdf"
"C:\Users\mdham\Downloads\Kingston-Engineering-College-main\Kingston-Engineering-College-main\assets\pdfs\naac\Criteria 2\IQAC\QnM\2.2.1_Website\Supporting Documents\Student List.pdf","Student List.pdf"
"C:\Users\mdham\Downloads\Kingston-Engineering-College-main\Kingston-Engineering-College-main\assets\pdfs\naac\Criteria 2\IQAC\QnM\2.4.1_Website\Supporting Documents","Supporting Documents"
"C:\Users\mdham\Downloads\Kingston-Engineering-College-main\Kingston-Engineering-College-main\assets\pdfs\naac\Criteria 2\IQAC\QnM\2.4.1_Website\1.pdf","1.pdf"
"C:\Users\mdham\Downloads\Kingston-Engineering-College-main\Kingston-Engineering-College-main\assets\pdfs\naac\Criteria 2\IQAC\QnM\2.4.1_Website\2.pdf","2.pdf"
"C:\Users\mdham\Downloads\Kingston-Engineering-College-main\Kingston-Engineering-College-main\assets\pdfs\naac\Criteria 2\IQAC\QnM\2.4.1_Website\3.pdf","3.pdf"
"C:\Users\mdham\Downloads\Kingston-Engineering-College-main\Kingston-Engineering-College-main\assets\pdfs\naac\Criteria 2\IQAC\QnM\2.4.1_Website\3_1.pdf","3_1.pdf"
"C:\Users\mdham\Downloads\Kingston-Engineering-College-main\Kingston-Engineering-College-main\assets\pdfs\naac\Criteria 2\IQAC\QnM\2.4.1_Website\Front Sheet.pdf","Front Sheet.pdf"
"C:\Users\mdham\Downloads\Kingston-Engineering-College-main\Kingston-Engineering-College-main\assets\pdfs\naac\Criteria 2\IQAC\QnM\2.4.1_Website\Summary Sheet.pdf","Summary Sheet.pdf"
"C:\Users\mdham\Downloads\Kingston-Engineering-College-main\Kingston-Engineering-College-main\assets\pdfs\naac\Criteria 2\IQAC\QnM\2.4.1_Website\Supporting Documents\fac list 2018-2019.pdf","fac list 2018-2019.pdf"
"C:\Users\mdham\Downloads\Kingston-Engineering-College-main\Kingston-Engineering-College-main\assets\pdfs\naac\Criteria 2\IQAC\QnM\2.4.1_Website\Supporting Documents\Fac List 2019-2020.pdf","Fac List 2019-2020.pdf"
"C:\Users\mdham\Downloads\Kingston-Engineering-College-main\Kingston-Engineering-College-main\assets\pdfs\naac\Criteria 2\IQAC\QnM\2.4.1_Website\Supporting Documents\fac list 2020-2021.pdf","fac list 2020-2021.pdf"
"C:\Users\mdham\Downloads\Kingston-Engineering-College-main\Kingston-Engineering-College-main\assets\pdfs\naac\Criteria 2\IQAC\QnM\2.4.1_Website\Supporting Documents\Fac list 2021-2022.pdf","Fac list 2021-2022.pdf"
"C:\Users\mdham\Downloads\Kingston-Engineering-College-main\Kingston-Engineering-College-main\assets\pdfs\naac\Criteria 2\IQAC\QnM\2.4.1_Website\Supporting Documents\Fac List 2022-2023.pdf","Fac List 2022-2023.pdf"
"C:\Users\mdham\Downloads\Kingston-Engineering-College-main\Kingston-Engineering-College-main\assets\pdfs\naac\Criteria 2\IQAC\QnM\2.4.1_Website\Supporting Documents\Sample Appointment Orders.pdf","Sample Appointment Orders.pdf"
"C:\Users\mdham\Downloads\Kingston-Engineering-College-main\Kingston-Engineering-College-main\assets\pdfs\naac\Criteria 2\IQAC\QnM\2.4.1_Website\Supporting Documents\Sanc 2018-2019.pdf","Sanc 2018-2019.pdf"
"C:\Users\mdham\Downloads\Kingston-Engineering-College-main\Kingston-Engineering-College-main\assets\pdfs\naac\Criteria 2\IQAC\QnM\2.4.1_Website\Supporting Documents\Sanc 2019-2020.pdf","Sanc 2019-2020.pdf"
"C:\Users\mdham\Downloads\Kingston-Engineering-College-main\Kingston-Engineering-College-main\assets\pdfs\naac\Criteria 2\IQAC\QnM\2.4.1_Website\Supporting Documents\Sanc 2020-2021.pdf","Sanc 2020-2021.pdf"
"C:\Users\mdham\Downloads\Kingston-Engineering-College-main\Kingston-Engineering-College-main\assets\pdfs\naac\Criteria 2\IQAC\QnM\2.4.1_Website\Supporting Documents\Sanc 2021-2022.pdf","Sanc 2021-2022.pdf"
"C:\Users\mdham\Downloads\Kingston-Engineering-College-main\Kingston-Engineering-College-main\assets\pdfs\naac\Criteria 2\IQAC\QnM\2.4.1_Website\Supporting Documents\Sanc 2022-2023.pdf","Sanc 2022-2023.pdf"
"C:\Users\mdham\Downloads\Kingston-Engineering-College-main\Kingston-Engineering-College-main\assets\pdfs\naac\Criteria 2\IQAC\QnM\2.4.1_Website\Supporting Documents\Summary Sheet.pdf","Summary Sheet.pdf"
"C:\Users\mdham\Downloads\Kingston-Engineering-College-main\Kingston-Engineering-College-main\assets\pdfs\naac\Criteria 2\IQAC\QnM\2.4.2_Website\Supporting Documents","Supporting Documents"
"C:\Users\mdham\Downloads\Kingston-Engineering-College-main\Kingston-Engineering-College-main\assets\pdfs\naac\Criteria 2\IQAC\QnM\2.4.2_Website\1.pdf","1.pdf"
"C:\Users\mdham\Downloads\Kingston-Engineering-College-main\Kingston-Engineering-College-main\assets\pdfs\naac\Criteria 2\IQAC\QnM\2.4.2_Website\1_1.pdf","1_1.pdf"
"C:\Users\mdham\Downloads\Kingston-Engineering-College-main\Kingston-Engineering-College-main\assets\pdfs\naac\Criteria 2\IQAC\QnM\2.4.2_Website\2.pdf","2.pdf"
"C:\Users\mdham\Downloads\Kingston-Engineering-College-main\Kingston-Engineering-College-main\assets\pdfs\naac\Criteria 2\IQAC\QnM\2.4.2_Website\2_1.pdf","2_1.pdf"
"C:\Users\mdham\Downloads\Kingston-Engineering-College-main\Kingston-Engineering-College-main\assets\pdfs\naac\Criteria 2\IQAC\QnM\2.4.2_Website\Front Sheet.pdf","Front Sheet.pdf"
"C:\Users\mdham\Downloads\Kingston-Engineering-College-main\Kingston-Engineering-College-main\assets\pdfs\naac\Criteria 2\IQAC\QnM\2.4.2_Website\Summary Sheet.pdf","Summary Sheet.pdf"
"C:\Users\mdham\Downloads\Kingston-Engineering-College-main\Kingston-Engineering-College-main\assets\pdfs\naac\Criteria 2\IQAC\QnM\2.4.2_Website\Supporting Documents\2.4.2.xlsx","2.4.2.xlsx"
"C:\Users\mdham\Downloads\Kingston-Engineering-College-main\Kingston-Engineering-College-main\assets\pdfs\naac\Criteria 2\IQAC\QnM\2.4.2_Website\Supporting Documents\Degree 2018_2019.pdf","Degree 2018_2019.pdf"
"C:\Users\mdham\Downloads\Kingston-Engineering-College-main\Kingston-Engineering-College-main\assets\pdfs\naac\Criteria 2\IQAC\QnM\2.4.2_Website\Supporting Documents\Degree 2019_2020.pdf","Degree 2019_2020.pdf"
"C:\Users\mdham\Downloads\Kingston-Engineering-College-main\Kingston-Engineering-College-main\assets\pdfs\naac\Criteria 2\IQAC\QnM\2.4.2_Website\Supporting Documents\Degree 2020_2021.pdf","Degree 2020_2021.pdf"
"C:\Users\mdham\Downloads\Kingston-Engineering-College-main\Kingston-Engineering-College-main\assets\pdfs\naac\Criteria 2\IQAC\QnM\2.4.2_Website\Supporting Documents\Degree 2021_2022.pdf","Degree 2021_2022.pdf"
"C:\Users\mdham\Downloads\Kingston-Engineering-College-main\Kingston-Engineering-College-main\assets\pdfs\naac\Criteria 2\IQAC\QnM\2.4.2_Website\Supporting Documents\Degree 2022_2023.pdf","Degree 2022_2023.pdf"
"C:\Users\mdham\Downloads\Kingston-Engineering-College-main\Kingston-Engineering-College-main\assets\pdfs\naac\Criteria 2\IQAC\QnM\2.4.2_Website\Supporting Documents\List 2018_2019.pdf","List 2018_2019.pdf"
"C:\Users\mdham\Downloads\Kingston-Engineering-College-main\Kingston-Engineering-College-main\assets\pdfs\naac\Criteria 2\IQAC\QnM\2.4.2_Website\Supporting Documents\List 2019_2020.pdf","List 2019_2020.pdf"
"C:\Users\mdham\Downloads\Kingston-Engineering-College-main\Kingston-Engineering-College-main\assets\pdfs\naac\Criteria 2\IQAC\QnM\2.4.2_Website\Supporting Documents\List 2020_2021.pdf","List 2020_2021.pdf"
"C:\Users\mdham\Downloads\Kingston-Engineering-College-main\Kingston-Engineering-College-main\assets\pdfs\naac\Criteria 2\IQAC\QnM\2.4.2_Website\Supporting Documents\List 2021_2022.pdf","List 2021_2022.pdf"
"C:\Users\mdham\Downloads\Kingston-Engineering-College-main\Kingston-Engineering-College-main\assets\pdfs\naac\Criteria 2\IQAC\QnM\2.4.2_Website\Supporting Documents\List 2022_2023.pdf","List 2022_2023.pdf"
"C:\Users\mdham\Downloads\Kingston-Engineering-College-main\Kingston-Engineering-College-main\assets\pdfs\naac\Criteria 2\IQAC\QnM\2.4.2_Website\Supporting Documents\Summary Sheet.pdf","Summary Sheet.pdf"
"C:\Users\mdham\Downloads\Kingston-Engineering-College-main\Kingston-Engineering-College-main\assets\pdfs\naac\Criteria 2\IQAC\QnM\2.6.3_Website\Supporting Documents","Supporting Documents"
"C:\Users\mdham\Downloads\Kingston-Engineering-College-main\Kingston-Engineering-College-main\assets\pdfs\naac\Criteria 2\IQAC\QnM\2.6.3_Website\1.pdf","1.pdf"
"C:\Users\mdham\Downloads\Kingston-Engineering-College-main\Kingston-Engineering-College-main\assets\pdfs\naac\Criteria 2\IQAC\QnM\2.6.3_Website\1_1.pdf","1_1.pdf"
"C:\Users\mdham\Downloads\Kingston-Engineering-College-main\Kingston-Engineering-College-main\assets\pdfs\naac\Criteria 2\IQAC\QnM\2.6.3_Website\2.6.3.xlsx","2.6.3.xlsx"
"C:\Users\mdham\Downloads\Kingston-Engineering-College-main\Kingston-Engineering-College-main\assets\pdfs\naac\Criteria 2\IQAC\QnM\2.6.3_Website\2.pdf","2.pdf"
"C:\Users\mdham\Downloads\Kingston-Engineering-College-main\Kingston-Engineering-College-main\assets\pdfs\naac\Criteria 2\IQAC\QnM\2.6.3_Website\2_1.pdf","2_1.pdf"
"C:\Users\mdham\Downloads\Kingston-Engineering-College-main\Kingston-Engineering-College-main\assets\pdfs\naac\Criteria 2\IQAC\QnM\2.6.3_Website\2_2.pdf","2_2.pdf"
"C:\Users\mdham\Downloads\Kingston-Engineering-College-main\Kingston-Engineering-College-main\assets\pdfs\naac\Criteria 2\IQAC\QnM\2.6.3_Website\2_3.pdf","2_3.pdf"
"C:\Users\mdham\Downloads\Kingston-Engineering-College-main\Kingston-Engineering-College-main\assets\pdfs\naac\Criteria 2\IQAC\QnM\2.6.3_Website\Front Page.pdf","Front Page.pdf"
"C:\Users\mdham\Downloads\Kingston-Engineering-College-main\Kingston-Engineering-College-main\assets\pdfs\naac\Criteria 2\IQAC\QnM\2.6.3_Website\Summary Sheet.pdf","Summary Sheet.pdf"
"C:\Users\mdham\Downloads\Kingston-Engineering-College-main\Kingston-Engineering-College-main\assets\pdfs\naac\Criteria 2\IQAC\QnM\2.6.3_Website\Summary Sheet1.pdf","Summary Sheet1.pdf"
"C:\Users\mdham\Downloads\Kingston-Engineering-College-main\Kingston-Engineering-College-main\assets\pdfs\naac\Criteria 2\IQAC\QnM\2.6.3_Website\Supporting Documents\2018-2019","2018-2019"
"C:\Users\mdham\Downloads\Kingston-Engineering-College-main\Kingston-Engineering-College-main\assets\pdfs\naac\Criteria 2\IQAC\QnM\2.6.3_Website\Supporting Documents\2019-2020","2019-2020"
"C:\Users\mdham\Downloads\Kingston-Engineering-College-main\Kingston-Engineering-College-main\assets\pdfs\naac\Criteria 2\IQAC\QnM\2.6.3_Website\Supporting Documents\Appeared for Exam.pdf","Appeared for Exam.pdf"
"C:\Users\mdham\Downloads\Kingston-Engineering-College-main\Kingston-Engineering-College-main\assets\pdfs\naac\Criteria 2\IQAC\QnM\2.6.3_Website\Supporting Documents\Certified report from COE.pdf","Certified report from COE.pdf"
"C:\Users\mdham\Downloads\Kingston-Engineering-College-main\Kingston-Engineering-College-main\assets\pdfs\naac\Criteria 2\IQAC\QnM\2.6.3_Website\Supporting Documents\Grade Abbrevations.pdf","Grade Abbrevations.pdf"
"C:\Users\mdham\Downloads\Kingston-Engineering-College-main\Kingston-Engineering-College-main\assets\pdfs\naac\Criteria 2\IQAC\QnM\2.6.3_Website\Supporting Documents\Passed Exam.pdf","Passed Exam.pdf"
"C:\Users\mdham\Downloads\Kingston-Engineering-College-main\Kingston-Engineering-College-main\assets\pdfs\naac\Criteria 2\IQAC\QnM\2.6.3_Website\Supporting Documents\Result_2018-2019.pdf","Result_2018-2019.pdf"
"C:\Users\mdham\Downloads\Kingston-Engineering-College-main\Kingston-Engineering-College-main\assets\pdfs\naac\Criteria 2\IQAC\QnM\2.6.3_Website\Supporting Documents\Result_2019-2020.pdf","Result_2019-2020.pdf"
"C:\Users\mdham\Downloads\Kingston-Engineering-College-main\Kingston-Engineering-College-main\assets\pdfs\naac\Criteria 2\IQAC\QnM\2.6.3_Website\Supporting Documents\Result_2020-2021.pdf","Result_2020-2021.pdf"
"C:\Users\mdham\Downloads\Kingston-Engineering-College-main\Kingston-Engineering-College-main\assets\pdfs\naac\Criteria 2\IQAC\QnM\2.6.3_Website\Supporting Documents\Result_2021-2022.pdf","Result_2021-2022.pdf"
"C:\Users\mdham\Downloads\Kingston-Engineering-College-main\Kingston-Engineering-College-main\assets\pdfs\naac\Criteria 2\IQAC\QnM\2.6.3_Website\Supporting Documents\Result_2022-2023.pdf","Result_2022-2023.pdf"
"C:\Users\mdham\Downloads\Kingston-Engineering-College-main\Kingston-Engineering-College-main\assets\pdfs\naac\Criteria 2\IQAC\QnM\2.6.3_Website\Supporting Documents\Summary.pdf","Summary.pdf"
"C:\Users\mdham\Downloads\Kingston-Engineering-College-main\Kingston-Engineering-College-main\assets\pdfs\naac\Criteria 2\IQAC\QnM\2.6.3_Website\Supporting Documents\2018-2019\List and Results.pdf","List and Results.pdf"
"C:\Users\mdham\Downloads\Kingston-Engineering-College-main\Kingston-Engineering-College-main\assets\pdfs\naac\Criteria 2\IQAC\QnM\2.6.3_Website\Supporting Documents\2018-2019\Registered.pdf","Registered.pdf"
"C:\Users\mdham\Downloads\Kingston-Engineering-College-main\Kingston-Engineering-College-main\assets\pdfs\naac\Criteria 2\IQAC\QnM\2.6.3_Website\Supporting Documents\2019-2020\List and Results.pdf","List and Results.pdf"
"C:\Users\mdham\Downloads\Kingston-Engineering-College-main\Kingston-Engineering-College-main\assets\pdfs\naac\Criteria 3\3.1.1","3.1.1"
"C:\Users\mdham\Downloads\Kingston-Engineering-College-main\Kingston-Engineering-College-main\assets\pdfs\naac\Criteria 3\3.2.1","3.2.1"
"C:\Users\mdham\Downloads\Kingston-Engineering-College-main\Kingston-Engineering-College-main\assets\pdfs\naac\Criteria 3\3.2.2","3.2.2"
"C:\Users\mdham\Downloads\Kingston-Engineering-College-main\Kingston-Engineering-College-main\assets\pdfs\naac\Criteria 3\3.3.1","3.3.1"
"C:\Users\mdham\Downloads\Kingston-Engineering-College-main\Kingston-Engineering-College-main\assets\pdfs\naac\Criteria 3\3.3.2","3.3.2"
"C:\Users\mdham\Downloads\Kingston-Engineering-College-main\Kingston-Engineering-College-main\assets\pdfs\naac\Criteria 3\3.4.1","3.4.1"
"C:\Users\mdham\Downloads\Kingston-Engineering-College-main\Kingston-Engineering-College-main\assets\pdfs\naac\Criteria 3\3.4.2","3.4.2"
"C:\Users\mdham\Downloads\Kingston-Engineering-College-main\Kingston-Engineering-College-main\assets\pdfs\naac\Criteria 3\3.4.3","3.4.3"
"C:\Users\mdham\Downloads\Kingston-Engineering-College-main\Kingston-Engineering-College-main\assets\pdfs\naac\Criteria 3\3.5.1","3.5.1"
"C:\Users\mdham\Downloads\Kingston-Engineering-College-main\Kingston-Engineering-College-main\assets\pdfs\naac\Criteria 3\3.1.1\3.1.1 Front Sheet.pdf","3.1.1 Front Sheet.pdf"
"C:\Users\mdham\Downloads\Kingston-Engineering-College-main\Kingston-Engineering-College-main\assets\pdfs\naac\Criteria 3\3.1.1\3.1.1.pdf","3.1.1.pdf"
"C:\Users\mdham\Downloads\Kingston-Engineering-College-main\Kingston-Engineering-College-main\assets\pdfs\naac\Criteria 3\3.2.1\3.2.1 Front Sheet.pdf","3.2.1 Front Sheet.pdf"
"C:\Users\mdham\Downloads\Kingston-Engineering-College-main\Kingston-Engineering-College-main\assets\pdfs\naac\Criteria 3\3.2.1\3.2.1-second page.pdf","3.2.1-second page.pdf"
"C:\Users\mdham\Downloads\Kingston-Engineering-College-main\Kingston-Engineering-College-main\assets\pdfs\naac\Criteria 3\3.2.1\3.2.1.pdf","3.2.1.pdf"
"C:\Users\mdham\Downloads\Kingston-Engineering-College-main\Kingston-Engineering-College-main\assets\pdfs\naac\Criteria 3\3.2.2\3.2.2  Front Sheet.pdf","3.2.2  Front Sheet.pdf"
"C:\Users\mdham\Downloads\Kingston-Engineering-College-main\Kingston-Engineering-College-main\assets\pdfs\naac\Criteria 3\3.2.2\3.2.2 - 2018-2019.pdf","3.2.2 - 2018-2019.pdf"
"C:\Users\mdham\Downloads\Kingston-Engineering-College-main\Kingston-Engineering-College-main\assets\pdfs\naac\Criteria 3\3.2.2\3.2.2 - 2019-2020.pdf","3.2.2 - 2019-2020.pdf"
"C:\Users\mdham\Downloads\Kingston-Engineering-College-main\Kingston-Engineering-College-main\assets\pdfs\naac\Criteria 3\3.2.2\3.2.2 - 2020-2021.pdf","3.2.2 - 2020-2021.pdf"
"C:\Users\mdham\Downloads\Kingston-Engineering-College-main\Kingston-Engineering-College-main\assets\pdfs\naac\Criteria 3\3.2.2\3.2.2 - 2021-2022.pdf","3.2.2 - 2021-2022.pdf"
"C:\Users\mdham\Downloads\Kingston-Engineering-College-main\Kingston-Engineering-College-main\assets\pdfs\naac\Criteria 3\3.2.2\3.2.2 - 2022-2023.pdf","3.2.2 - 2022-2023.pdf"
"C:\Users\mdham\Downloads\Kingston-Engineering-College-main\Kingston-Engineering-College-main\assets\pdfs\naac\Criteria 3\3.2.2\3.2.2 -2nd and 3rd page.pdf","3.2.2 -2nd and 3rd page.pdf"
"C:\Users\mdham\Downloads\Kingston-Engineering-College-main\Kingston-Engineering-College-main\assets\pdfs\naac\Criteria 3\3.3.1\3.3.1 Front Sheet.pdf","3.3.1 Front Sheet.pdf"
"C:\Users\mdham\Downloads\Kingston-Engineering-College-main\Kingston-Engineering-College-main\assets\pdfs\naac\Criteria 3\3.3.1\3.3.1.pdf","3.3.1.pdf"
"C:\Users\mdham\Downloads\Kingston-Engineering-College-main\Kingston-Engineering-College-main\assets\pdfs\naac\Criteria 3\3.3.2\3.3.2 Front Sheet.pdf","3.3.2 Front Sheet.pdf"
"C:\Users\mdham\Downloads\Kingston-Engineering-College-main\Kingston-Engineering-College-main\assets\pdfs\naac\Criteria 3\3.3.2\3.3.2.pdf","3.3.2.pdf"
"C:\Users\mdham\Downloads\Kingston-Engineering-College-main\Kingston-Engineering-College-main\assets\pdfs\naac\Criteria 3\3.4.1\3.4.1 Front Sheet .pdf","3.4.1 Front Sheet .pdf"
"C:\Users\mdham\Downloads\Kingston-Engineering-College-main\Kingston-Engineering-College-main\assets\pdfs\naac\Criteria 3\3.4.1\3.4.1.pdf","3.4.1.pdf"
"C:\Users\mdham\Downloads\Kingston-Engineering-College-main\Kingston-Engineering-College-main\assets\pdfs\naac\Criteria 3\3.4.2\3.4.2 Front Sheet.pdf","3.4.2 Front Sheet.pdf"
"C:\Users\mdham\Downloads\Kingston-Engineering-College-main\Kingston-Engineering-College-main\assets\pdfs\naac\Criteria 3\3.4.2\3.4.2.pdf","3.4.2.pdf"
"C:\Users\mdham\Downloads\Kingston-Engineering-College-main\Kingston-Engineering-College-main\assets\pdfs\naac\Criteria 3\3.4.3\3.4.3  Front Sheet.pdf","3.4.3  Front Sheet.pdf"
"C:\Users\mdham\Downloads\Kingston-Engineering-College-main\Kingston-Engineering-College-main\assets\pdfs\naac\Criteria 3\3.4.3\3.4.3 2018-2019.pdf","3.4.3 2018-2019.pdf"
"C:\Users\mdham\Downloads\Kingston-Engineering-College-main\Kingston-Engineering-College-main\assets\pdfs\naac\Criteria 3\3.4.3\3.4.3 2019-2020.pdf","3.4.3 2019-2020.pdf"
"C:\Users\mdham\Downloads\Kingston-Engineering-College-main\Kingston-Engineering-College-main\assets\pdfs\naac\Criteria 3\3.4.3\3.4.3 2021-2022.pdf","3.4.3 2021-2022.pdf"
"C:\Users\mdham\Downloads\Kingston-Engineering-College-main\Kingston-Engineering-College-main\assets\pdfs\naac\Criteria 3\3.4.3\3.4.3 2022-2023.pdf","3.4.3 2022-2023.pdf"
"C:\Users\mdham\Downloads\Kingston-Engineering-College-main\Kingston-Engineering-College-main\assets\pdfs\naac\Criteria 3\3.4.3\3.4.3 Detailed report front page updated.pdf","3.4.3 Detailed report front page updated.pdf"
"C:\Users\mdham\Downloads\Kingston-Engineering-College-main\Kingston-Engineering-College-main\assets\pdfs\naac\Criteria 3\3.4.3\3.4.3 page 2 updated.pdf","3.4.3 page 2 updated.pdf"
"C:\Users\mdham\Downloads\Kingston-Engineering-College-main\Kingston-Engineering-College-main\assets\pdfs\naac\Criteria 3\3.4.3\3.4.3 Photographs 2021-2022.pdf","3.4.3 Photographs 2021-2022.pdf"
"C:\Users\mdham\Downloads\Kingston-Engineering-College-main\Kingston-Engineering-College-main\assets\pdfs\naac\Criteria 3\3.4.3\3.4.3 Photogra[hs front page.pdf","3.4.3 Photogra[hs front page.pdf"
"C:\Users\mdham\Downloads\Kingston-Engineering-College-main\Kingston-Engineering-College-main\assets\pdfs\naac\Criteria 3\3.4.3\3.4.3 Photogrpahs 2018-2019.pdf","3.4.3 Photogrpahs 2018-2019.pdf"
"C:\Users\mdham\Downloads\Kingston-Engineering-College-main\Kingston-Engineering-College-main\assets\pdfs\naac\Criteria 3\3.4.3\3.4.3 second sheet Photographs and other documents.pdf","3.4.3 second sheet Photographs and other documents.pdf"
"C:\Users\mdham\Downloads\Kingston-Engineering-College-main\Kingston-Engineering-College-main\assets\pdfs\naac\Criteria 3\3.4.3\3.4.3- Detailed report second page.pdf","3.4.3- Detailed report second page.pdf"
"C:\Users\mdham\Downloads\Kingston-Engineering-College-main\Kingston-Engineering-College-main\assets\pdfs\naac\Criteria 3\3.4.3\3.4.3- Summary sheet.pdf","3.4.3- Summary sheet.pdf"
"C:\Users\mdham\Downloads\Kingston-Engineering-College-main\Kingston-Engineering-College-main\assets\pdfs\naac\Criteria 3\3.4.3\3.4.3-photographas 2019-20.pdf","3.4.3-photographas 2019-20.pdf"
"C:\Users\mdham\Downloads\Kingston-Engineering-College-main\Kingston-Engineering-College-main\assets\pdfs\naac\Criteria 3\3.4.3\3.4.3-Photographs 2022-2023.pdf","3.4.3-Photographs 2022-2023.pdf"
"C:\Users\mdham\Downloads\Kingston-Engineering-College-main\Kingston-Engineering-College-main\assets\pdfs\naac\Criteria 3\3.5.1\ACTIVITY-WISE SUPPORTING DOCUMENTS","ACTIVITY-WISE SUPPORTING DOCUMENTS"
"C:\Users\mdham\Downloads\Kingston-Engineering-College-main\Kingston-Engineering-College-main\assets\pdfs\naac\Criteria 3\3.5.1\MOUs","MOUs"
"C:\Users\mdham\Downloads\Kingston-Engineering-College-main\Kingston-Engineering-College-main\assets\pdfs\naac\Criteria 3\3.5.1\YEAR-WISE SUPPORTING DOCUMENTS","YEAR-WISE SUPPORTING DOCUMENTS"
"C:\Users\mdham\Downloads\Kingston-Engineering-College-main\Kingston-Engineering-College-main\assets\pdfs\naac\Criteria 3\3.5.1\3.5.1 -List of Activities year-wise.pdf","3.5.1 -List of Activities year-wise.pdf"
"C:\Users\mdham\Downloads\Kingston-Engineering-College-main\Kingston-Engineering-College-main\assets\pdfs\naac\Criteria 3\3.5.1\3.5.1 -List of Activities.pdf","3.5.1 -List of Activities.pdf"
"C:\Users\mdham\Downloads\Kingston-Engineering-College-main\Kingston-Engineering-College-main\assets\pdfs\naac\Criteria 3\3.5.1\3.5.1 2nd page.pdf","3.5.1 2nd page.pdf"
"C:\Users\mdham\Downloads\Kingston-Engineering-College-main\Kingston-Engineering-College-main\assets\pdfs\naac\Criteria 3\3.5.1\3.5.1 ACTIVITY-WISE AND YEAR-WISE.pdf","3.5.1 ACTIVITY-WISE AND YEAR-WISE.pdf"
"C:\Users\mdham\Downloads\Kingston-Engineering-College-main\Kingston-Engineering-College-main\assets\pdfs\naac\Criteria 3\3.5.1\3.5.1 Front Sheet.pdf","3.5.1 Front Sheet.pdf"
"C:\Users\mdham\Downloads\Kingston-Engineering-College-main\Kingston-Engineering-College-main\assets\pdfs\naac\Criteria 3\3.5.1\SUMMARY.pdf","SUMMARY.pdf"
"C:\Users\mdham\Downloads\Kingston-Engineering-College-main\Kingston-Engineering-College-main\assets\pdfs\naac\Criteria 3\3.5.1\ACTIVITY-WISE SUPPORTING DOCUMENTS\CAREER OPPORTUNITIES.pdf","CAREER OPPORTUNITIES.pdf"
"C:\Users\mdham\Downloads\Kingston-Engineering-College-main\Kingston-Engineering-College-main\assets\pdfs\naac\Criteria 3\3.5.1\ACTIVITY-WISE SUPPORTING DOCUMENTS\INPLANT TRAINING, IV.pdf","INPLANT TRAINING, IV.pdf"
"C:\Users\mdham\Downloads\Kingston-Engineering-College-main\Kingston-Engineering-College-main\assets\pdfs\naac\Criteria 3\3.5.1\ACTIVITY-WISE SUPPORTING DOCUMENTS\INTERNSHIP.pdf","INTERNSHIP.pdf"
"C:\Users\mdham\Downloads\Kingston-Engineering-College-main\Kingston-Engineering-College-main\assets\pdfs\naac\Criteria 3\3.5.1\ACTIVITY-WISE SUPPORTING DOCUMENTS\ORIENTATION & VAC.pdf","ORIENTATION & VAC.pdf"
"C:\Users\mdham\Downloads\Kingston-Engineering-College-main\Kingston-Engineering-College-main\assets\pdfs\naac\Criteria 3\3.5.1\MOUs\1. selvi software_0001.pdf","1. selvi software_0001.pdf"
"C:\Users\mdham\Downloads\Kingston-Engineering-College-main\Kingston-Engineering-College-main\assets\pdfs\naac\Criteria 3\3.5.1\MOUs\10. revelantz_0001.pdf","10. revelantz_0001.pdf"
"C:\Users\mdham\Downloads\Kingston-Engineering-College-main\Kingston-Engineering-College-main\assets\pdfs\naac\Criteria 3\3.5.1\MOUs\11. metro composites_0001.pdf","11. metro composites_0001.pdf"
"C:\Users\mdham\Downloads\Kingston-Engineering-College-main\Kingston-Engineering-College-main\assets\pdfs\naac\Criteria 3\3.5.1\MOUs\12. crud_0001.pdf","12. crud_0001.pdf"
"C:\Users\mdham\Downloads\Kingston-Engineering-College-main\Kingston-Engineering-College-main\assets\pdfs\naac\Criteria 3\3.5.1\MOUs\13. codoid_0001.pdf","13. codoid_0001.pdf"
"C:\Users\mdham\Downloads\Kingston-Engineering-College-main\Kingston-Engineering-College-main\assets\pdfs\naac\Criteria 3\3.5.1\MOUs\14. VIS_0001.pdf","14. VIS_0001.pdf"
"C:\Users\mdham\Downloads\Kingston-Engineering-College-main\Kingston-Engineering-College-main\assets\pdfs\naac\Criteria 3\3.5.1\MOUs\15. SHIASH_0001.pdf","15. SHIASH_0001.pdf"
"C:\Users\mdham\Downloads\Kingston-Engineering-College-main\Kingston-Engineering-College-main\assets\pdfs\naac\Criteria 3\3.5.1\MOUs\16. CAPARO_0001.pdf","16. CAPARO_0001.pdf"
"C:\Users\mdham\Downloads\Kingston-Engineering-College-main\Kingston-Engineering-College-main\assets\pdfs\naac\Criteria 3\3.5.1\MOUs\17. AVEON_0001.pdf","17. AVEON_0001.pdf"
"C:\Users\mdham\Downloads\Kingston-Engineering-College-main\Kingston-Engineering-College-main\assets\pdfs\naac\Criteria 3\3.5.1\MOUs\18. FOCUS LOGIC_0001.pdf","18. FOCUS LOGIC_0001.pdf"
"C:\Users\mdham\Downloads\Kingston-Engineering-College-main\Kingston-Engineering-College-main\assets\pdfs\naac\Criteria 3\3.5.1\MOUs\19. fact entry_0001.pdf","19. fact entry_0001.pdf"
"C:\Users\mdham\Downloads\Kingston-Engineering-College-main\Kingston-Engineering-College-main\assets\pdfs\naac\Criteria 3\3.5.1\MOUs\2. ice steel1_0001.pdf","2. ice steel1_0001.pdf"
"C:\Users\mdham\Downloads\Kingston-Engineering-College-main\Kingston-Engineering-College-main\assets\pdfs\naac\Criteria 3\3.5.1\MOUs\20. TECHFULLY_0001.pdf","20. TECHFULLY_0001.pdf"
"C:\Users\mdham\Downloads\Kingston-Engineering-College-main\Kingston-Engineering-College-main\assets\pdfs\naac\Criteria 3\3.5.1\MOUs\21. top freshers_0001.pdf","21. top freshers_0001.pdf"
"C:\Users\mdham\Downloads\Kingston-Engineering-College-main\Kingston-Engineering-College-main\assets\pdfs\naac\Criteria 3\3.5.1\MOUs\22. kaashiv 2020_0001.pdf","22. kaashiv 2020_0001.pdf"
"C:\Users\mdham\Downloads\Kingston-Engineering-College-main\Kingston-Engineering-College-main\assets\pdfs\naac\Criteria 3\3.5.1\MOUs\23. infogro 2017_0001.pdf","23. infogro 2017_0001.pdf"
"C:\Users\mdham\Downloads\Kingston-Engineering-College-main\Kingston-Engineering-College-main\assets\pdfs\naac\Criteria 3\3.5.1\MOUs\3. milkyway tech_0001.pdf","3. milkyway tech_0001.pdf"
"C:\Users\mdham\Downloads\Kingston-Engineering-College-main\Kingston-Engineering-College-main\assets\pdfs\naac\Criteria 3\3.5.1\MOUs\4. shree abirami_0001.pdf","4. shree abirami_0001.pdf"
"C:\Users\mdham\Downloads\Kingston-Engineering-College-main\Kingston-Engineering-College-main\assets\pdfs\naac\Criteria 3\3.5.1\MOUs\5. ims learning_0001.pdf","5. ims learning_0001.pdf"
"C:\Users\mdham\Downloads\Kingston-Engineering-College-main\Kingston-Engineering-College-main\assets\pdfs\naac\Criteria 3\3.5.1\MOUs\6. primetec_0001.pdf","6. primetec_0001.pdf"
"C:\Users\mdham\Downloads\Kingston-Engineering-College-main\Kingston-Engineering-College-main\assets\pdfs\naac\Criteria 3\3.5.1\MOUs\7. DIGIDOC_0001.pdf","7. DIGIDOC_0001.pdf"
"C:\Users\mdham\Downloads\Kingston-Engineering-College-main\Kingston-Engineering-College-main\assets\pdfs\naac\Criteria 3\3.5.1\MOUs\8. evr electricals_0001.pdf","8. evr electricals_0001.pdf"
"C:\Users\mdham\Downloads\Kingston-Engineering-College-main\Kingston-Engineering-College-main\assets\pdfs\naac\Criteria 3\3.5.1\MOUs\9. airmedia_0001.pdf","9. airmedia_0001.pdf"
"C:\Users\mdham\Downloads\Kingston-Engineering-College-main\Kingston-Engineering-College-main\assets\pdfs\naac\Criteria 3\3.5.1\YEAR-WISE SUPPORTING DOCUMENTS\2018-2019.pdf","2018-2019.pdf"
"C:\Users\mdham\Downloads\Kingston-Engineering-College-main\Kingston-Engineering-College-main\assets\pdfs\naac\Criteria 3\3.5.1\YEAR-WISE SUPPORTING DOCUMENTS\2019-2020.pdf","2019-2020.pdf"
"C:\Users\mdham\Downloads\Kingston-Engineering-College-main\Kingston-Engineering-College-main\assets\pdfs\naac\Criteria 3\3.5.1\YEAR-WISE SUPPORTING DOCUMENTS\2020-2021.pdf","2020-2021.pdf"
"C:\Users\mdham\Downloads\Kingston-Engineering-College-main\Kingston-Engineering-College-main\assets\pdfs\naac\Criteria 3\3.5.1\YEAR-WISE SUPPORTING DOCUMENTS\2021-2022.pdf","2021-2022.pdf"
"C:\Users\mdham\Downloads\Kingston-Engineering-College-main\Kingston-Engineering-College-main\assets\pdfs\naac\Criteria 3\3.5.1\YEAR-WISE SUPPORTING DOCUMENTS\2022-2023.pdf","2022-2023.pdf"
"C:\Users\mdham\Downloads\Kingston-Engineering-College-main\Kingston-Engineering-College-main\assets\pdfs\naac\Criteria 4\4.1.1","4.1.1"
"C:\Users\mdham\Downloads\Kingston-Engineering-College-main\Kingston-Engineering-College-main\assets\pdfs\naac\Criteria 4\4.1.2","4.1.2"
"C:\Users\mdham\Downloads\Kingston-Engineering-College-main\Kingston-Engineering-College-main\assets\pdfs\naac\Criteria 4\4.2.1","4.2.1"
"C:\Users\mdham\Downloads\Kingston-Engineering-College-main\Kingston-Engineering-College-main\assets\pdfs\naac\Criteria 4\4.3.1","4.3.1"
"C:\Users\mdham\Downloads\Kingston-Engineering-College-main\Kingston-Engineering-College-main\assets\pdfs\naac\Criteria 4\4.3.2","4.3.2"
"C:\Users\mdham\Downloads\Kingston-Engineering-College-main\Kingston-Engineering-College-main\assets\pdfs\naac\Criteria 4\4.4.1","4.4.1"
"C:\Users\mdham\Downloads\Kingston-Engineering-College-main\Kingston-Engineering-College-main\assets\pdfs\naac\Criteria 4\4.1.1\1.pdf","1.pdf"
"C:\Users\mdham\Downloads\Kingston-Engineering-College-main\Kingston-Engineering-College-main\assets\pdfs\naac\Criteria 4\4.1.1\2.pdf","2.pdf"
"C:\Users\mdham\Downloads\Kingston-Engineering-College-main\Kingston-Engineering-College-main\assets\pdfs\naac\Criteria 4\4.1.1\4-1-1 Academic - ICT Facilities.pdf","4-1-1 Academic - ICT Facilities.pdf"
"C:\Users\mdham\Downloads\Kingston-Engineering-College-main\Kingston-Engineering-College-main\assets\pdfs\naac\Criteria 4\4.1.1\4-1-1 Additional Information.pdf","4-1-1 Additional Information.pdf"
"C:\Users\mdham\Downloads\Kingston-Engineering-College-main\Kingston-Engineering-College-main\assets\pdfs\naac\Criteria 4\4.1.1\Front Sheet.pdf","Front Sheet.pdf"
"C:\Users\mdham\Downloads\Kingston-Engineering-College-main\Kingston-Engineering-College-main\assets\pdfs\naac\Criteria 4\4.1.2\1-1.pdf","1-1.pdf"
"C:\Users\mdham\Downloads\Kingston-Engineering-College-main\Kingston-Engineering-College-main\assets\pdfs\naac\Criteria 4\4.1.2\1.pdf","1.pdf"
"C:\Users\mdham\Downloads\Kingston-Engineering-College-main\Kingston-Engineering-College-main\assets\pdfs\naac\Criteria 4\4.1.2\4-1-2 Audited Statement.pdf","4-1-2 Audited Statement.pdf"
"C:\Users\mdham\Downloads\Kingston-Engineering-College-main\Kingston-Engineering-College-main\assets\pdfs\naac\Criteria 4\4.1.2\4-1-2 Augmentation Expenditure.pdf","4-1-2 Augmentation Expenditure.pdf"
"C:\Users\mdham\Downloads\Kingston-Engineering-College-main\Kingston-Engineering-College-main\assets\pdfs\naac\Criteria 4\4.1.2\Front Sheet.pdf","Front Sheet.pdf"
"C:\Users\mdham\Downloads\Kingston-Engineering-College-main\Kingston-Engineering-College-main\assets\pdfs\naac\Criteria 4\4.1.2\Income Expenditure Statement.pdf","Income Expenditure Statement.pdf"
"C:\Users\mdham\Downloads\Kingston-Engineering-College-main\Kingston-Engineering-College-main\assets\pdfs\naac\Criteria 4\4.2.1\1.pdf","1.pdf"
"C:\Users\mdham\Downloads\Kingston-Engineering-College-main\Kingston-Engineering-College-main\assets\pdfs\naac\Criteria 4\4.2.1\4-2-1 BOOKS - JOURNALS.pdf","4-2-1 BOOKS - JOURNALS.pdf"
"C:\Users\mdham\Downloads\Kingston-Engineering-College-main\Kingston-Engineering-College-main\assets\pdfs\naac\Criteria 4\4.2.1\4-2-1 E-RESOURCES - SUBSCRIPTION.pdf","4-2-1 E-RESOURCES - SUBSCRIPTION.pdf"
"C:\Users\mdham\Downloads\Kingston-Engineering-College-main\Kingston-Engineering-College-main\assets\pdfs\naac\Criteria 4\4.2.1\4-2-1 ILMS.pdf","4-2-1 ILMS.pdf"
"C:\Users\mdham\Downloads\Kingston-Engineering-College-main\Kingston-Engineering-College-main\assets\pdfs\naac\Criteria 4\4.2.1\4-2-1 LIBRARY UTILIZATION.pdf","4-2-1 LIBRARY UTILIZATION.pdf"
"C:\Users\mdham\Downloads\Kingston-Engineering-College-main\Kingston-Engineering-College-main\assets\pdfs\naac\Criteria 4\4.2.1\Front Sheet.pdf","Front Sheet.pdf"
"C:\Users\mdham\Downloads\Kingston-Engineering-College-main\Kingston-Engineering-College-main\assets\pdfs\naac\Criteria 4\4.3.1\1.pdf","1.pdf"
"C:\Users\mdham\Downloads\Kingston-Engineering-College-main\Kingston-Engineering-College-main\assets\pdfs\naac\Criteria 4\4.3.1\4-3-1 Additional Information.pdf","4-3-1 Additional Information.pdf"
"C:\Users\mdham\Downloads\Kingston-Engineering-College-main\Kingston-Engineering-College-main\assets\pdfs\naac\Criteria 4\4.3.1\4-3-1 Wi-Fi and Internet Bandwidth details.pdf","4-3-1 Wi-Fi and Internet Bandwidth details.pdf"
"C:\Users\mdham\Downloads\Kingston-Engineering-College-main\Kingston-Engineering-College-main\assets\pdfs\naac\Criteria 4\4.3.1\Front Sheet.pdf","Front Sheet.pdf"
"C:\Users\mdham\Downloads\Kingston-Engineering-College-main\Kingston-Engineering-College-main\assets\pdfs\naac\Criteria 4\4.3.1\IT Policy.pdf","IT Policy.pdf"
"C:\Users\mdham\Downloads\Kingston-Engineering-College-main\Kingston-Engineering-College-main\assets\pdfs\naac\Criteria 4\4.3.2\1.pdf","1.pdf"
"C:\Users\mdham\Downloads\Kingston-Engineering-College-main\Kingston-Engineering-College-main\assets\pdfs\naac\Criteria 4\4.3.2\4-3-2 Bills and Maintenance Register.pdf","4-3-2 Bills and Maintenance Register.pdf"
"C:\Users\mdham\Downloads\Kingston-Engineering-College-main\Kingston-Engineering-College-main\assets\pdfs\naac\Criteria 4\4.3.2\4-3-2 Stock Register Extracts.pdf","4-3-2 Stock Register Extracts.pdf"
"C:\Users\mdham\Downloads\Kingston-Engineering-College-main\Kingston-Engineering-College-main\assets\pdfs\naac\Criteria 4\4.3.2\Front Sheet.pdf","Front Sheet.pdf"
"C:\Users\mdham\Downloads\Kingston-Engineering-College-main\Kingston-Engineering-College-main\assets\pdfs\naac\Criteria 4\4.3.2\QnM 4-3-2 Index Sheet.pdf","QnM 4-3-2 Index Sheet.pdf"
"C:\Users\mdham\Downloads\Kingston-Engineering-College-main\Kingston-Engineering-College-main\assets\pdfs\naac\Criteria 4\4.4.1\1-1.pdf","1-1.pdf"
"C:\Users\mdham\Downloads\Kingston-Engineering-College-main\Kingston-Engineering-College-main\assets\pdfs\naac\Criteria 4\4.4.1\1.pdf","1.pdf"
"C:\Users\mdham\Downloads\Kingston-Engineering-College-main\Kingston-Engineering-College-main\assets\pdfs\naac\Criteria 4\4.4.1\4-4-1 Audited Statement.pdf","4-4-1 Audited Statement.pdf"
"C:\Users\mdham\Downloads\Kingston-Engineering-College-main\Kingston-Engineering-College-main\assets\pdfs\naac\Criteria 4\4.4.1\4-4-1 DVV.xlsx","4-4-1 DVV.xlsx"
"C:\Users\mdham\Downloads\Kingston-Engineering-College-main\Kingston-Engineering-College-main\assets\pdfs\naac\Criteria 4\4.4.1\4-4-1 Expenditure Summary.pdf","4-4-1 Expenditure Summary.pdf"
"C:\Users\mdham\Downloads\Kingston-Engineering-College-main\Kingston-Engineering-College-main\assets\pdfs\naac\Criteria 4\4.4.1\4-4-1 Income Expenditure Statement.pdf","4-4-1 Income Expenditure Statement.pdf"
"C:\Users\mdham\Downloads\Kingston-Engineering-College-main\Kingston-Engineering-College-main\assets\pdfs\naac\Criteria 4\4.4.1\Front Sheet.pdf","Front Sheet.pdf"
"C:\Users\mdham\Downloads\Kingston-Engineering-College-main\Kingston-Engineering-College-main\assets\pdfs\naac\Criteria 4\4.4.1\Infrastructure Maintenance Policy.pdf","Infrastructure Maintenance Policy.pdf"
"C:\Users\mdham\Downloads\Kingston-Engineering-College-main\Kingston-Engineering-College-main\assets\pdfs\naac\Criteria 4\4.4.1\QnM 4-4-1 Index Sheet.pdf","QnM 4-4-1 Index Sheet.pdf"
"C:\Users\mdham\Downloads\Kingston-Engineering-College-main\Kingston-Engineering-College-main\assets\pdfs\naac\Criteria 5\5.1.1","5.1.1"
"C:\Users\mdham\Downloads\Kingston-Engineering-College-main\Kingston-Engineering-College-main\assets\pdfs\naac\Criteria 5\5.1.2","5.1.2"
"C:\Users\mdham\Downloads\Kingston-Engineering-College-main\Kingston-Engineering-College-main\assets\pdfs\naac\Criteria 5\5.1.3","5.1.3"
"C:\Users\mdham\Downloads\Kingston-Engineering-College-main\Kingston-Engineering-College-main\assets\pdfs\naac\Criteria 5\5.1.4","5.1.4"
"C:\Users\mdham\Downloads\Kingston-Engineering-College-main\Kingston-Engineering-College-main\assets\pdfs\naac\Criteria 5\5.2.1","5.2.1"
"C:\Users\mdham\Downloads\Kingston-Engineering-College-main\Kingston-Engineering-College-main\assets\pdfs\naac\Criteria 5\5.2.2","5.2.2"
"C:\Users\mdham\Downloads\Kingston-Engineering-College-main\Kingston-Engineering-College-main\assets\pdfs\naac\Criteria 5\5.3.1","5.3.1"
"C:\Users\mdham\Downloads\Kingston-Engineering-College-main\Kingston-Engineering-College-main\assets\pdfs\naac\Criteria 5\5.3.2","5.3.2"
"C:\Users\mdham\Downloads\Kingston-Engineering-College-main\Kingston-Engineering-College-main\assets\pdfs\naac\Criteria 5\5.4.1","5.4.1"
"C:\Users\mdham\Downloads\Kingston-Engineering-College-main\Kingston-Engineering-College-main\assets\pdfs\naac\Criteria 5\5.1.1\18-19-sanction-list.pdf","18-19-sanction-list.pdf"
"C:\Users\mdham\Downloads\Kingston-Engineering-College-main\Kingston-Engineering-College-main\assets\pdfs\naac\Criteria 5\5.1.1\18-19-student list.pdf","18-19-student list.pdf"
"C:\Users\mdham\Downloads\Kingston-Engineering-College-main\Kingston-Engineering-College-main\assets\pdfs\naac\Criteria 5\5.1.1\18. SCHOLARSHIP POLICY.pdf","18. SCHOLARSHIP POLICY.pdf"
"C:\Users\mdham\Downloads\Kingston-Engineering-College-main\Kingston-Engineering-College-main\assets\pdfs\naac\Criteria 5\5.1.1\19-20 sanction list.pdf","19-20 sanction list.pdf"
"C:\Users\mdham\Downloads\Kingston-Engineering-College-main\Kingston-Engineering-College-main\assets\pdfs\naac\Criteria 5\5.1.1\19-20-student list.pdf","19-20-student list.pdf"
"C:\Users\mdham\Downloads\Kingston-Engineering-College-main\Kingston-Engineering-College-main\assets\pdfs\naac\Criteria 5\5.1.1\1a final.pdf","1a final.pdf"
"C:\Users\mdham\Downloads\Kingston-Engineering-College-main\Kingston-Engineering-College-main\assets\pdfs\naac\Criteria 5\5.1.1\20-21 sanction list.pdf","20-21 sanction list.pdf"
"C:\Users\mdham\Downloads\Kingston-Engineering-College-main\Kingston-Engineering-College-main\assets\pdfs\naac\Criteria 5\5.1.1\20-21-student list.pdf","20-21-student list.pdf"
"C:\Users\mdham\Downloads\Kingston-Engineering-College-main\Kingston-Engineering-College-main\assets\pdfs\naac\Criteria 5\5.1.1\21-22 sanction list.pdf","21-22 sanction list.pdf"
"C:\Users\mdham\Downloads\Kingston-Engineering-College-main\Kingston-Engineering-College-main\assets\pdfs\naac\Criteria 5\5.1.1\21-22-student list.pdf","21-22-student list.pdf"
"C:\Users\mdham\Downloads\Kingston-Engineering-College-main\Kingston-Engineering-College-main\assets\pdfs\naac\Criteria 5\5.1.1\22-23 sanction list.pdf","22-23 sanction list.pdf"
"C:\Users\mdham\Downloads\Kingston-Engineering-College-main\Kingston-Engineering-College-main\assets\pdfs\naac\Criteria 5\5.1.1\22-23-student list.pdf","22-23-student list.pdf"
"C:\Users\mdham\Downloads\Kingston-Engineering-College-main\Kingston-Engineering-College-main\assets\pdfs\naac\Criteria 5\5.1.1\4a.pdf","4a.pdf"
"C:\Users\mdham\Downloads\Kingston-Engineering-College-main\Kingston-Engineering-College-main\assets\pdfs\naac\Criteria 5\5.1.1\5a.pdf","5a.pdf"
"C:\Users\mdham\Downloads\Kingston-Engineering-College-main\Kingston-Engineering-College-main\assets\pdfs\naac\Criteria 5\5.1.1\beneficiaries yearly final.pdf","beneficiaries yearly final.pdf"
"C:\Users\mdham\Downloads\Kingston-Engineering-College-main\Kingston-Engineering-College-main\assets\pdfs\naac\Criteria 5\5.1.1\consolidate sheet.pdf","consolidate sheet.pdf"
"C:\Users\mdham\Downloads\Kingston-Engineering-College-main\Kingston-Engineering-College-main\assets\pdfs\naac\Criteria 5\5.1.1\Front Sheet.pdf","Front Sheet.pdf"
"C:\Users\mdham\Downloads\Kingston-Engineering-College-main\Kingston-Engineering-College-main\assets\pdfs\naac\Criteria 5\5.1.1\Sanction Letter.pdf","Sanction Letter.pdf"
"C:\Users\mdham\Downloads\Kingston-Engineering-College-main\Kingston-Engineering-College-main\assets\pdfs\naac\Criteria 5\5.1.1\SCHOLARSHIP POLICY.pdf","SCHOLARSHIP POLICY.pdf"
"C:\Users\mdham\Downloads\Kingston-Engineering-College-main\Kingston-Engineering-College-main\assets\pdfs\naac\Criteria 5\5.1.1\~$1.docx","~$1.docx"
"C:\Users\mdham\Downloads\Kingston-Engineering-College-main\Kingston-Engineering-College-main\assets\pdfs\naac\Criteria 5\5.1.2\2018-19_0001.pdf","2018-19_0001.pdf"
"C:\Users\mdham\Downloads\Kingston-Engineering-College-main\Kingston-Engineering-College-main\assets\pdfs\naac\Criteria 5\5.1.2\2019-20_0001.pdf","2019-20_0001.pdf"
"C:\Users\mdham\Downloads\Kingston-Engineering-College-main\Kingston-Engineering-College-main\assets\pdfs\naac\Criteria 5\5.1.2\2020-2021_0001.pdf","2020-2021_0001.pdf"
"C:\Users\mdham\Downloads\Kingston-Engineering-College-main\Kingston-Engineering-College-main\assets\pdfs\naac\Criteria 5\5.1.2\2021-2022_0001.pdf","2021-2022_0001.pdf"
"C:\Users\mdham\Downloads\Kingston-Engineering-College-main\Kingston-Engineering-College-main\assets\pdfs\naac\Criteria 5\5.1.2\2022-2023_0001.pdf","2022-2023_0001.pdf"
"C:\Users\mdham\Downloads\Kingston-Engineering-College-main\Kingston-Engineering-College-main\assets\pdfs\naac\Criteria 5\5.1.2\5.1.2-second and 3rd page.pdf","5.1.2-second and 3rd page.pdf"
"C:\Users\mdham\Downloads\Kingston-Engineering-College-main\Kingston-Engineering-College-main\assets\pdfs\naac\Criteria 5\5.1.2\Front Sheet.pdf","Front Sheet.pdf"
"C:\Users\mdham\Downloads\Kingston-Engineering-College-main\Kingston-Engineering-College-main\assets\pdfs\naac\Criteria 5\5.1.3\5.1.3 - 2020-2021.pdf","5.1.3 - 2020-2021.pdf"
"C:\Users\mdham\Downloads\Kingston-Engineering-College-main\Kingston-Engineering-College-main\assets\pdfs\naac\Criteria 5\5.1.3\5.1.3 - 2021-2022.pdf","5.1.3 - 2021-2022.pdf"
"C:\Users\mdham\Downloads\Kingston-Engineering-College-main\Kingston-Engineering-College-main\assets\pdfs\naac\Criteria 5\5.1.3\5.1.3- Link Page.pdf","5.1.3- Link Page.pdf"
"C:\Users\mdham\Downloads\Kingston-Engineering-College-main\Kingston-Engineering-College-main\assets\pdfs\naac\Criteria 5\5.1.3\Front Page.pdf","Front Page.pdf"
"C:\Users\mdham\Downloads\Kingston-Engineering-College-main\Kingston-Engineering-College-main\assets\pdfs\naac\Criteria 5\5.1.4\5.1.4 Link page.pdf","5.1.4 Link page.pdf"
"C:\Users\mdham\Downloads\Kingston-Engineering-College-main\Kingston-Engineering-College-main\assets\pdfs\naac\Criteria 5\5.1.4\aicte.pdf","aicte.pdf"
"C:\Users\mdham\Downloads\Kingston-Engineering-College-main\Kingston-Engineering-College-main\assets\pdfs\naac\Criteria 5\5.1.4\ARC-squad_0001.pdf","ARC-squad_0001.pdf"
"C:\Users\mdham\Downloads\Kingston-Engineering-College-main\Kingston-Engineering-College-main\assets\pdfs\naac\Criteria 5\5.1.4\Front Sheet.pdf","Front Sheet.pdf"
"C:\Users\mdham\Downloads\Kingston-Engineering-College-main\Kingston-Engineering-College-main\assets\pdfs\naac\Criteria 5\5.1.4\GRC.pdf","GRC.pdf"
"C:\Users\mdham\Downloads\Kingston-Engineering-College-main\Kingston-Engineering-College-main\assets\pdfs\naac\Criteria 5\5.1.4\ICC.pdf","ICC.pdf"
"C:\Users\mdham\Downloads\Kingston-Engineering-College-main\Kingston-Engineering-College-main\assets\pdfs\naac\Criteria 5\5.1.4\SCST.pdf","SCST.pdf"
"C:\Users\mdham\Downloads\Kingston-Engineering-College-main\Kingston-Engineering-College-main\assets\pdfs\naac\Criteria 5\5.2.1\5.2.1 -2021-22.pdf","5.2.1 -2021-22.pdf"
"C:\Users\mdham\Downloads\Kingston-Engineering-College-main\Kingston-Engineering-College-main\assets\pdfs\naac\Criteria 5\5.2.1\5.2.1- second & Third Page.pdf","5.2.1- second & Third Page.pdf"
"C:\Users\mdham\Downloads\Kingston-Engineering-College-main\Kingston-Engineering-College-main\assets\pdfs\naac\Criteria 5\5.2.1\5.2.1-2019-20.pdf","5.2.1-2019-20.pdf"
"C:\Users\mdham\Downloads\Kingston-Engineering-College-main\Kingston-Engineering-College-main\assets\pdfs\naac\Criteria 5\5.2.1\5.2.1-2020-2021.pdf","5.2.1-2020-2021.pdf"
"C:\Users\mdham\Downloads\Kingston-Engineering-College-main\Kingston-Engineering-College-main\assets\pdfs\naac\Criteria 5\5.2.1\Front Sheet.pdf","Front Sheet.pdf"
"C:\Users\mdham\Downloads\Kingston-Engineering-College-main\Kingston-Engineering-College-main\assets\pdfs\naac\Criteria 5\5.2.2\2018-19.pdf","2018-19.pdf"
"C:\Users\mdham\Downloads\Kingston-Engineering-College-main\Kingston-Engineering-College-main\assets\pdfs\naac\Criteria 5\5.2.2\2019-20.pdf","2019-20.pdf"
"C:\Users\mdham\Downloads\Kingston-Engineering-College-main\Kingston-Engineering-College-main\assets\pdfs\naac\Criteria 5\5.2.2\2020-21.pdf","2020-21.pdf"
"C:\Users\mdham\Downloads\Kingston-Engineering-College-main\Kingston-Engineering-College-main\assets\pdfs\naac\Criteria 5\5.2.2\2021-22.pdf","2021-22.pdf"
"C:\Users\mdham\Downloads\Kingston-Engineering-College-main\Kingston-Engineering-College-main\assets\pdfs\naac\Criteria 5\5.2.2\2022-23.pdf","2022-23.pdf"
"C:\Users\mdham\Downloads\Kingston-Engineering-College-main\Kingston-Engineering-College-main\assets\pdfs\naac\Criteria 5\5.2.2\5.2.2 Front Page.pdf","5.2.2 Front Page.pdf"
"C:\Users\mdham\Downloads\Kingston-Engineering-College-main\Kingston-Engineering-College-main\assets\pdfs\naac\Criteria 5\5.2.2\5.2.2 Link Page.pdf","5.2.2 Link Page.pdf"
"C:\Users\mdham\Downloads\Kingston-Engineering-College-main\Kingston-Engineering-College-main\assets\pdfs\naac\Criteria 5\5.3.1\5.3.1 full 2018 - 2019 final.pdf","5.3.1 full 2018 - 2019 final.pdf"
"C:\Users\mdham\Downloads\Kingston-Engineering-College-main\Kingston-Engineering-College-main\assets\pdfs\naac\Criteria 5\5.3.1\5.3.1 full 2019 - 2020 final.pdf","5.3.1 full 2019 - 2020 final.pdf"
"C:\Users\mdham\Downloads\Kingston-Engineering-College-main\Kingston-Engineering-College-main\assets\pdfs\naac\Criteria 5\5.3.1\5.3.1 full 2022 - 2023 final.pdf","5.3.1 full 2022 - 2023 final.pdf"
"C:\Users\mdham\Downloads\Kingston-Engineering-College-main\Kingston-Engineering-College-main\assets\pdfs\naac\Criteria 5\5.3.1\Front Sheet.pdf","Front Sheet.pdf"
"C:\Users\mdham\Downloads\Kingston-Engineering-College-main\Kingston-Engineering-College-main\assets\pdfs\naac\Criteria 5\5.3.1\Link page.pdf","Link page.pdf"
"C:\Users\mdham\Downloads\Kingston-Engineering-College-main\Kingston-Engineering-College-main\assets\pdfs\naac\Criteria 5\5.3.2\1st page.pdf","1st page.pdf"
"C:\Users\mdham\Downloads\Kingston-Engineering-College-main\Kingston-Engineering-College-main\assets\pdfs\naac\Criteria 5\5.3.2\2nd page.pdf","2nd page.pdf"
"C:\Users\mdham\Downloads\Kingston-Engineering-College-main\Kingston-Engineering-College-main\assets\pdfs\naac\Criteria 5\5.3.2\5.3.2 - 2018 19.pdf","5.3.2 - 2018 19.pdf"
"C:\Users\mdham\Downloads\Kingston-Engineering-College-main\Kingston-Engineering-College-main\assets\pdfs\naac\Criteria 5\5.3.2\5.3.2 - 2019 20.pdf","5.3.2 - 2019 20.pdf"
"C:\Users\mdham\Downloads\Kingston-Engineering-College-main\Kingston-Engineering-College-main\assets\pdfs\naac\Criteria 5\5.3.2\5.3.2 - 2020 21.pdf","5.3.2 - 2020 21.pdf"
"C:\Users\mdham\Downloads\Kingston-Engineering-College-main\Kingston-Engineering-College-main\assets\pdfs\naac\Criteria 5\5.3.2\5.3.2 - 2022 23.pdf","5.3.2 - 2022 23.pdf"
"C:\Users\mdham\Downloads\Kingston-Engineering-College-main\Kingston-Engineering-College-main\assets\pdfs\naac\Criteria 5\5.3.2\5.3.2 Main front sheet.pdf","5.3.2 Main front sheet.pdf"
"C:\Users\mdham\Downloads\Kingston-Engineering-College-main\Kingston-Engineering-College-main\assets\pdfs\naac\Criteria 5\5.4.1\2-5.4.1-alumni registration.pdf","2-5.4.1-alumni registration.pdf"
"C:\Users\mdham\Downloads\Kingston-Engineering-College-main\Kingston-Engineering-College-main\assets\pdfs\naac\Criteria 5\5.4.1\3-5.4.1- alumni details.pdf","3-5.4.1- alumni details.pdf"
"C:\Users\mdham\Downloads\Kingston-Engineering-College-main\Kingston-Engineering-College-main\assets\pdfs\naac\Criteria 5\5.4.1\4-5.4.1-alumni meet.pdf","4-5.4.1-alumni meet.pdf"
"C:\Users\mdham\Downloads\Kingston-Engineering-College-main\Kingston-Engineering-College-main\assets\pdfs\naac\Criteria 5\5.4.1\6-5.4.1 - alumni financial support.pdf","6-5.4.1 - alumni financial support.pdf"
"C:\Users\mdham\Downloads\Kingston-Engineering-College-main\Kingston-Engineering-College-main\assets\pdfs\naac\Criteria 5\5.4.1\7-5.4.1-alumni books contribution.pdf","7-5.4.1-alumni books contribution.pdf"
"C:\Users\mdham\Downloads\Kingston-Engineering-College-main\Kingston-Engineering-College-main\assets\pdfs\naac\Criteria 5\5.4.1\Front Sheet.pdf","Front Sheet.pdf"
"C:\Users\mdham\Downloads\Kingston-Engineering-College-main\Kingston-Engineering-College-main\assets\pdfs\naac\Criteria 5\5.4.1\second page.pdf","second page.pdf"
"C:\Users\mdham\Downloads\Kingston-Engineering-College-main\Kingston-Engineering-College-main\assets\pdfs\naac\Criteria 6\6.1.1","6.1.1"
"C:\Users\mdham\Downloads\Kingston-Engineering-College-main\Kingston-Engineering-College-main\assets\pdfs\naac\Criteria 6\6.2.1","6.2.1"
"C:\Users\mdham\Downloads\Kingston-Engineering-College-main\Kingston-Engineering-College-main\assets\pdfs\naac\Criteria 6\6.2.2","6.2.2"
"C:\Users\mdham\Downloads\Kingston-Engineering-College-main\Kingston-Engineering-College-main\assets\pdfs\naac\Criteria 6\6.3.1","6.3.1"
"C:\Users\mdham\Downloads\Kingston-Engineering-College-main\Kingston-Engineering-College-main\assets\pdfs\naac\Criteria 6\6.3.2","6.3.2"
"C:\Users\mdham\Downloads\Kingston-Engineering-College-main\Kingston-Engineering-College-main\assets\pdfs\naac\Criteria 6\6.3.3","6.3.3"
"C:\Users\mdham\Downloads\Kingston-Engineering-College-main\Kingston-Engineering-College-main\assets\pdfs\naac\Criteria 6\6.4.1","6.4.1"
"C:\Users\mdham\Downloads\Kingston-Engineering-College-main\Kingston-Engineering-College-main\assets\pdfs\naac\Criteria 6\6.5.1","6.5.1"
"C:\Users\mdham\Downloads\Kingston-Engineering-College-main\Kingston-Engineering-College-main\assets\pdfs\naac\Criteria 6\6.5.2","6.5.2"
"C:\Users\mdham\Downloads\Kingston-Engineering-College-main\Kingston-Engineering-College-main\assets\pdfs\naac\Criteria 6\6.1.1\1.1.Decentralization and Participation in the Institutional Governance.pdf","1.1.Decentralization and Participation in the Institutional Governance.pdf"
"C:\Users\mdham\Downloads\Kingston-Engineering-College-main\Kingston-Engineering-College-main\assets\pdfs\naac\Criteria 6\6.1.1\1.1.pdf","1.1.pdf"
"C:\Users\mdham\Downloads\Kingston-Engineering-College-main\Kingston-Engineering-College-main\assets\pdfs\naac\Criteria 6\6.1.1\1.Vision Mission.pdf","1.Vision Mission.pdf"
"C:\Users\mdham\Downloads\Kingston-Engineering-College-main\Kingston-Engineering-College-main\assets\pdfs\naac\Criteria 6\6.1.1\3.Long Term &Short Term Goals.pdf","3.Long Term &Short Term Goals.pdf"
"C:\Users\mdham\Downloads\Kingston-Engineering-College-main\Kingston-Engineering-College-main\assets\pdfs\naac\Criteria 6\6.1.1\Front Sheet.pdf","Front Sheet.pdf"
"C:\Users\mdham\Downloads\Kingston-Engineering-College-main\Kingston-Engineering-College-main\assets\pdfs\naac\Criteria 6\6.2.1\1.1.pdf","1.1.pdf"
"C:\Users\mdham\Downloads\Kingston-Engineering-College-main\Kingston-Engineering-College-main\assets\pdfs\naac\Criteria 6\6.2.1\12 Decentralization and Participative Management.pdf","12 Decentralization and Participative Management.pdf"
"C:\Users\mdham\Downloads\Kingston-Engineering-College-main\Kingston-Engineering-College-main\assets\pdfs\naac\Criteria 6\6.2.1\2.organogram.pdf","2.organogram.pdf"
"C:\Users\mdham\Downloads\Kingston-Engineering-College-main\Kingston-Engineering-College-main\assets\pdfs\naac\Criteria 6\6.2.1\Front Page.pdf","Front Page.pdf"
"C:\Users\mdham\Downloads\Kingston-Engineering-College-main\Kingston-Engineering-College-main\assets\pdfs\naac\Criteria 6\6.2.1\HR POLICY_0001.pdf","HR POLICY_0001.pdf"
"C:\Users\mdham\Downloads\Kingston-Engineering-College-main\Kingston-Engineering-College-main\assets\pdfs\naac\Criteria 6\6.2.1\POLICIES_0001.pdf","POLICIES_0001.pdf"
"C:\Users\mdham\Downloads\Kingston-Engineering-College-main\Kingston-Engineering-College-main\assets\pdfs\naac\Criteria 6\6.2.1\Strategic Plan_0002_0001.pdf","Strategic Plan_0002_0001.pdf"
"C:\Users\mdham\Downloads\Kingston-Engineering-College-main\Kingston-Engineering-College-main\assets\pdfs\naac\Criteria 6\6.2.2\1.pdf","1.pdf"
"C:\Users\mdham\Downloads\Kingston-Engineering-College-main\Kingston-Engineering-College-main\assets\pdfs\naac\Criteria 6\6.2.2\2.1.pdf","2.1.pdf"
"C:\Users\mdham\Downloads\Kingston-Engineering-College-main\Kingston-Engineering-College-main\assets\pdfs\naac\Criteria 6\6.2.2\3.1.pdf","3.1.pdf"
"C:\Users\mdham\Downloads\Kingston-Engineering-College-main\Kingston-Engineering-College-main\assets\pdfs\naac\Criteria 6\6.2.2\4.1.pdf","4.1.pdf"
"C:\Users\mdham\Downloads\Kingston-Engineering-College-main\Kingston-Engineering-College-main\assets\pdfs\naac\Criteria 6\6.2.2\5.1.pdf","5.1.pdf"
"C:\Users\mdham\Downloads\Kingston-Engineering-College-main\Kingston-Engineering-College-main\assets\pdfs\naac\Criteria 6\6.2.2\6.2.2 E-Governance Policy.pdf","6.2.2 E-Governance Policy.pdf"
"C:\Users\mdham\Downloads\Kingston-Engineering-College-main\Kingston-Engineering-College-main\assets\pdfs\naac\Criteria 6\6.2.2\6.2.2 E-Governance Weblink.pdf","6.2.2 E-Governance Weblink.pdf"
"C:\Users\mdham\Downloads\Kingston-Engineering-College-main\Kingston-Engineering-College-main\assets\pdfs\naac\Criteria 6\6.2.2\6.2.2 Governing Council  2022 - 2023.pdf","6.2.2 Governing Council  2022 - 2023.pdf"
"C:\Users\mdham\Downloads\Kingston-Engineering-College-main\Kingston-Engineering-College-main\assets\pdfs\naac\Criteria 6\6.2.2\6.2.2 Institutional Expenditure Statement 2022 - 2023.pdf","6.2.2 Institutional Expenditure Statement 2022 - 2023.pdf"
"C:\Users\mdham\Downloads\Kingston-Engineering-College-main\Kingston-Engineering-College-main\assets\pdfs\naac\Criteria 6\6.2.2\6.2.2 Screenshots.pdf","6.2.2 Screenshots.pdf"
"C:\Users\mdham\Downloads\Kingston-Engineering-College-main\Kingston-Engineering-College-main\assets\pdfs\naac\Criteria 6\6.2.2\6.2.2 Software Bills.pdf","6.2.2 Software Bills.pdf"
"C:\Users\mdham\Downloads\Kingston-Engineering-College-main\Kingston-Engineering-College-main\assets\pdfs\naac\Criteria 6\6.2.2\6.2.2 Year of Implementation.pdf","6.2.2 Year of Implementation.pdf"
"C:\Users\mdham\Downloads\Kingston-Engineering-College-main\Kingston-Engineering-College-main\assets\pdfs\naac\Criteria 6\6.2.2\Front page.pdf","Front page.pdf"
"C:\Users\mdham\Downloads\Kingston-Engineering-College-main\Kingston-Engineering-College-main\assets\pdfs\naac\Criteria 6\6.3.1\6.3.1 Link Page.pdf","6.3.1 Link Page.pdf"
"C:\Users\mdham\Downloads\Kingston-Engineering-College-main\Kingston-Engineering-College-main\assets\pdfs\naac\Criteria 6\6.3.1\Amenities_0001.pdf","Amenities_0001.pdf"
"C:\Users\mdham\Downloads\Kingston-Engineering-College-main\Kingston-Engineering-College-main\assets\pdfs\naac\Criteria 6\6.3.1\Career Progression.pdf","Career Progression.pdf"
"C:\Users\mdham\Downloads\Kingston-Engineering-College-main\Kingston-Engineering-College-main\assets\pdfs\naac\Criteria 6\6.3.1\Cultivating Experts Technophiles_0001.pdf","Cultivating Experts Technophiles_0001.pdf"
"C:\Users\mdham\Downloads\Kingston-Engineering-College-main\Kingston-Engineering-College-main\assets\pdfs\naac\Criteria 6\6.3.1\EPF & ESI_0001.pdf","EPF & ESI_0001.pdf"
"C:\Users\mdham\Downloads\Kingston-Engineering-College-main\Kingston-Engineering-College-main\assets\pdfs\naac\Criteria 6\6.3.1\Facilities - Transport Food_0001.pdf","Facilities - Transport Food_0001.pdf"
"C:\Users\mdham\Downloads\Kingston-Engineering-College-main\Kingston-Engineering-College-main\assets\pdfs\naac\Criteria 6\6.3.1\Faculty Appraisal System_0001.pdf","Faculty Appraisal System_0001.pdf"
"C:\Users\mdham\Downloads\Kingston-Engineering-College-main\Kingston-Engineering-College-main\assets\pdfs\naac\Criteria 6\6.3.1\Family Friendly Workspace Final.pdf","Family Friendly Workspace Final.pdf"
"C:\Users\mdham\Downloads\Kingston-Engineering-College-main\Kingston-Engineering-College-main\assets\pdfs\naac\Criteria 6\6.3.1\Festival Advance.pdf","Festival Advance.pdf"
"C:\Users\mdham\Downloads\Kingston-Engineering-College-main\Kingston-Engineering-College-main\assets\pdfs\naac\Criteria 6\6.3.1\Front Page.pdf","Front Page.pdf"
"C:\Users\mdham\Downloads\Kingston-Engineering-College-main\Kingston-Engineering-College-main\assets\pdfs\naac\Criteria 6\6.3.1\Holistic Health.pdf","Holistic Health.pdf"
"C:\Users\mdham\Downloads\Kingston-Engineering-College-main\Kingston-Engineering-College-main\assets\pdfs\naac\Criteria 6\6.3.1\REIMBURSEMENT_0001.pdf","REIMBURSEMENT_0001.pdf"
"C:\Users\mdham\Downloads\Kingston-Engineering-College-main\Kingston-Engineering-College-main\assets\pdfs\naac\Criteria 6\6.3.1\Social Conciousness_0001.pdf","Social Conciousness_0001.pdf"
"C:\Users\mdham\Downloads\Kingston-Engineering-College-main\Kingston-Engineering-College-main\assets\pdfs\naac\Criteria 6\6.3.1\WARD ACADEMIC FEES CONCESSION_0001.pdf","WARD ACADEMIC FEES CONCESSION_0001.pdf"
"C:\Users\mdham\Downloads\Kingston-Engineering-College-main\Kingston-Engineering-College-main\assets\pdfs\naac\Criteria 6\6.3.2\6_3_2-scan copy","6_3_2-scan copy"
"C:\Users\mdham\Downloads\Kingston-Engineering-College-main\Kingston-Engineering-College-main\assets\pdfs\naac\Criteria 6\6.3.2\1.pdf","1.pdf"
"C:\Users\mdham\Downloads\Kingston-Engineering-College-main\Kingston-Engineering-College-main\assets\pdfs\naac\Criteria 6\6.3.2\Front Sheet.pdf","Front Sheet.pdf"
"C:\Users\mdham\Downloads\Kingston-Engineering-College-main\Kingston-Engineering-College-main\assets\pdfs\naac\Criteria 6\6.3.2\~$2.docx","~$2.docx"
"C:\Users\mdham\Downloads\Kingston-Engineering-College-main\Kingston-Engineering-College-main\assets\pdfs\naac\Criteria 6\6.3.2\6_3_2-scan copy\AUDIT YEAR WISE","AUDIT YEAR WISE"
"C:\Users\mdham\Downloads\Kingston-Engineering-College-main\Kingston-Engineering-College-main\assets\pdfs\naac\Criteria 6\6.3.2\6_3_2-scan copy\New folder","New folder"
"C:\Users\mdham\Downloads\Kingston-Engineering-College-main\Kingston-Engineering-College-main\assets\pdfs\naac\Criteria 6\6.3.2\6_3_2-scan copy\Teacher YEAR WISE LIST","Teacher YEAR WISE LIST"
"C:\Users\mdham\Downloads\Kingston-Engineering-College-main\Kingston-Engineering-College-main\assets\pdfs\naac\Criteria 6\6.3.2\6_3_2-scan copy\ABC.pdf","ABC.pdf"
"C:\Users\mdham\Downloads\Kingston-Engineering-College-main\Kingston-Engineering-College-main\assets\pdfs\naac\Criteria 6\6.3.2\6_3_2-scan copy\Audit.pdf","Audit.pdf"
"C:\Users\mdham\Downloads\Kingston-Engineering-College-main\Kingston-Engineering-College-main\assets\pdfs\naac\Criteria 6\6.3.2\6_3_2-scan copy\certificate.pdf","certificate.pdf"
"C:\Users\mdham\Downloads\Kingston-Engineering-College-main\Kingston-Engineering-College-main\assets\pdfs\naac\Criteria 6\6.3.2\6_3_2-scan copy\copy.pdf","copy.pdf"
"C:\Users\mdham\Downloads\Kingston-Engineering-College-main\Kingston-Engineering-College-main\assets\pdfs\naac\Criteria 6\6.3.2\6_3_2-scan copy\copy1.pdf","copy1.pdf"
"C:\Users\mdham\Downloads\Kingston-Engineering-College-main\Kingston-Engineering-College-main\assets\pdfs\naac\Criteria 6\6.3.2\6_3_2-scan copy\HR-Policy.pdf","HR-Policy.pdf"
"C:\Users\mdham\Downloads\Kingston-Engineering-College-main\Kingston-Engineering-College-main\assets\pdfs\naac\Criteria 6\6.3.2\6_3_2-scan copy\teacher.pdf","teacher.pdf"
"C:\Users\mdham\Downloads\Kingston-Engineering-College-main\Kingston-Engineering-College-main\assets\pdfs\naac\Criteria 6\6.3.2\6_3_2-scan copy\AUDIT YEAR WISE\Audit.pdf","Audit.pdf"
"C:\Users\mdham\Downloads\Kingston-Engineering-College-main\Kingston-Engineering-College-main\assets\pdfs\naac\Criteria 6\6.3.2\6_3_2-scan copy\New folder\18-19.pdf","18-19.pdf"
"C:\Users\mdham\Downloads\Kingston-Engineering-College-main\Kingston-Engineering-College-main\assets\pdfs\naac\Criteria 6\6.3.2\6_3_2-scan copy\New folder\19-20.pdf","19-20.pdf"
"C:\Users\mdham\Downloads\Kingston-Engineering-College-main\Kingston-Engineering-College-main\assets\pdfs\naac\Criteria 6\6.3.2\6_3_2-scan copy\New folder\20-21.pdf","20-21.pdf"
"C:\Users\mdham\Downloads\Kingston-Engineering-College-main\Kingston-Engineering-College-main\assets\pdfs\naac\Criteria 6\6.3.2\6_3_2-scan copy\New folder\21-22.pdf","21-22.pdf"
"C:\Users\mdham\Downloads\Kingston-Engineering-College-main\Kingston-Engineering-College-main\assets\pdfs\naac\Criteria 6\6.3.2\6_3_2-scan copy\Teacher YEAR WISE LIST\2018-2019.pdf","2018-2019.pdf"
"C:\Users\mdham\Downloads\Kingston-Engineering-College-main\Kingston-Engineering-College-main\assets\pdfs\naac\Criteria 6\6.3.2\6_3_2-scan copy\Teacher YEAR WISE LIST\2019-2020.pdf","2019-2020.pdf"
"C:\Users\mdham\Downloads\Kingston-Engineering-College-main\Kingston-Engineering-College-main\assets\pdfs\naac\Criteria 6\6.3.2\6_3_2-scan copy\Teacher YEAR WISE LIST\2020-2021.pdf","2020-2021.pdf"
"C:\Users\mdham\Downloads\Kingston-Engineering-College-main\Kingston-Engineering-College-main\assets\pdfs\naac\Criteria 6\6.3.2\6_3_2-scan copy\Teacher YEAR WISE LIST\2021-2022.pdf","2021-2022.pdf"
"C:\Users\mdham\Downloads\Kingston-Engineering-College-main\Kingston-Engineering-College-main\assets\pdfs\naac\Criteria 6\6.3.2\6_3_2-scan copy\Teacher YEAR WISE LIST\2022-2023.pdf","2022-2023.pdf"
"C:\Users\mdham\Downloads\Kingston-Engineering-College-main\Kingston-Engineering-College-main\assets\pdfs\naac\Criteria 6\6.3.3\Annual report","Annual report"
"C:\Users\mdham\Downloads\Kingston-Engineering-College-main\Kingston-Engineering-College-main\assets\pdfs\naac\Criteria 6\6.3.3\Copy of Certificates","Copy of Certificates"
"C:\Users\mdham\Downloads\Kingston-Engineering-College-main\Kingston-Engineering-College-main\assets\pdfs\naac\Criteria 6\6.3.3\List of Teachers","List of Teachers"
"C:\Users\mdham\Downloads\Kingston-Engineering-College-main\Kingston-Engineering-College-main\assets\pdfs\naac\Criteria 6\6.3.3\Non-Teaching Report","Non-Teaching Report"
"C:\Users\mdham\Downloads\Kingston-Engineering-College-main\Kingston-Engineering-College-main\assets\pdfs\naac\Criteria 6\6.3.3\Teaching Events","Teaching Events"
"C:\Users\mdham\Downloads\Kingston-Engineering-College-main\Kingston-Engineering-College-main\assets\pdfs\naac\Criteria 6\6.3.3\2.1.pdf","2.1.pdf"
"C:\Users\mdham\Downloads\Kingston-Engineering-College-main\Kingston-Engineering-College-main\assets\pdfs\naac\Criteria 6\6.3.3\2.pdf","2.pdf"
"C:\Users\mdham\Downloads\Kingston-Engineering-College-main\Kingston-Engineering-College-main\assets\pdfs\naac\Criteria 6\6.3.3\3.1.pdf","3.1.pdf"
"C:\Users\mdham\Downloads\Kingston-Engineering-College-main\Kingston-Engineering-College-main\assets\pdfs\naac\Criteria 6\6.3.3\3.pdf","3.pdf"
"C:\Users\mdham\Downloads\Kingston-Engineering-College-main\Kingston-Engineering-College-main\assets\pdfs\naac\Criteria 6\6.3.3\4.1.pdf","4.1.pdf"
"C:\Users\mdham\Downloads\Kingston-Engineering-College-main\Kingston-Engineering-College-main\assets\pdfs\naac\Criteria 6\6.3.3\4.pdf","4.pdf"
"C:\Users\mdham\Downloads\Kingston-Engineering-College-main\Kingston-Engineering-College-main\assets\pdfs\naac\Criteria 6\6.3.3\5.1.pdf","5.1.pdf"
"C:\Users\mdham\Downloads\Kingston-Engineering-College-main\Kingston-Engineering-College-main\assets\pdfs\naac\Criteria 6\6.3.3\Front Page.pdf","Front Page.pdf"
"C:\Users\mdham\Downloads\Kingston-Engineering-College-main\Kingston-Engineering-College-main\assets\pdfs\naac\Criteria 6\6.3.3\index.pdf","index.pdf"
"C:\Users\mdham\Downloads\Kingston-Engineering-College-main\Kingston-Engineering-College-main\assets\pdfs\naac\Criteria 6\6.3.3\Summary.pdf","Summary.pdf"
"C:\Users\mdham\Downloads\Kingston-Engineering-College-main\Kingston-Engineering-College-main\assets\pdfs\naac\Criteria 6\6.3.3\~$2.1.docx","~$2.1.docx"
"C:\Users\mdham\Downloads\Kingston-Engineering-College-main\Kingston-Engineering-College-main\assets\pdfs\naac\Criteria 6\6.3.3\~$2.docx","~$2.docx"
"C:\Users\mdham\Downloads\Kingston-Engineering-College-main\Kingston-Engineering-College-main\assets\pdfs\naac\Criteria 6\6.3.3\Annual report\Annual report","Annual report"
"C:\Users\mdham\Downloads\Kingston-Engineering-College-main\Kingston-Engineering-College-main\assets\pdfs\naac\Criteria 6\6.3.3\Annual report\Annual report\2018-2019_0001.pdf","2018-2019_0001.pdf"
"C:\Users\mdham\Downloads\Kingston-Engineering-College-main\Kingston-Engineering-College-main\assets\pdfs\naac\Criteria 6\6.3.3\Annual report\Annual report\2019-2020_0001.pdf","2019-2020_0001.pdf"
"C:\Users\mdham\Downloads\Kingston-Engineering-College-main\Kingston-Engineering-College-main\assets\pdfs\naac\Criteria 6\6.3.3\Annual report\Annual report\2020-2021_0001.pdf","2020-2021_0001.pdf"
"C:\Users\mdham\Downloads\Kingston-Engineering-College-main\Kingston-Engineering-College-main\assets\pdfs\naac\Criteria 6\6.3.3\Annual report\Annual report\2021-2022_0001.pdf","2021-2022_0001.pdf"
"C:\Users\mdham\Downloads\Kingston-Engineering-College-main\Kingston-Engineering-College-main\assets\pdfs\naac\Criteria 6\6.3.3\Annual report\Annual report\2022-2023_0001.pdf","2022-2023_0001.pdf"
"C:\Users\mdham\Downloads\Kingston-Engineering-College-main\Kingston-Engineering-College-main\assets\pdfs\naac\Criteria 6\6.3.3\Copy of Certificates\Consolidated 18-19_0001.pdf","Consolidated 18-19_0001.pdf"
"C:\Users\mdham\Downloads\Kingston-Engineering-College-main\Kingston-Engineering-College-main\assets\pdfs\naac\Criteria 6\6.3.3\Copy of Certificates\consolidated 19-20_0001.pdf","consolidated 19-20_0001.pdf"
"C:\Users\mdham\Downloads\Kingston-Engineering-College-main\Kingston-Engineering-College-main\assets\pdfs\naac\Criteria 6\6.3.3\Copy of Certificates\Consolidated 20-21_0001.pdf","Consolidated 20-21_0001.pdf"
"C:\Users\mdham\Downloads\Kingston-Engineering-College-main\Kingston-Engineering-College-main\assets\pdfs\naac\Criteria 6\6.3.3\Copy of Certificates\Consolidated 21-22_0001.pdf","Consolidated 21-22_0001.pdf"
"C:\Users\mdham\Downloads\Kingston-Engineering-College-main\Kingston-Engineering-College-main\assets\pdfs\naac\Criteria 6\6.3.3\Copy of Certificates\Consolidated 22-23_0001.pdf","Consolidated 22-23_0001.pdf"
"C:\Users\mdham\Downloads\Kingston-Engineering-College-main\Kingston-Engineering-College-main\assets\pdfs\naac\Criteria 6\6.3.3\List of Teachers\2018-2019.pdf","2018-2019.pdf"
"C:\Users\mdham\Downloads\Kingston-Engineering-College-main\Kingston-Engineering-College-main\assets\pdfs\naac\Criteria 6\6.3.3\List of Teachers\2019-2020.pdf","2019-2020.pdf"
"C:\Users\mdham\Downloads\Kingston-Engineering-College-main\Kingston-Engineering-College-main\assets\pdfs\naac\Criteria 6\6.3.3\List of Teachers\2020-2021.pdf","2020-2021.pdf"
"C:\Users\mdham\Downloads\Kingston-Engineering-College-main\Kingston-Engineering-College-main\assets\pdfs\naac\Criteria 6\6.3.3\List of Teachers\2021-2022.pdf","2021-2022.pdf"
"C:\Users\mdham\Downloads\Kingston-Engineering-College-main\Kingston-Engineering-College-main\assets\pdfs\naac\Criteria 6\6.3.3\List of Teachers\2022-2023.pdf","2022-2023.pdf"
"C:\Users\mdham\Downloads\Kingston-Engineering-College-main\Kingston-Engineering-College-main\assets\pdfs\naac\Criteria 6\6.3.3\Non-Teaching Report\Non Teaching_Reports.pdf","Non Teaching_Reports.pdf"
"C:\Users\mdham\Downloads\Kingston-Engineering-College-main\Kingston-Engineering-College-main\assets\pdfs\naac\Criteria 6\6.3.3\Teaching Events\Consolidated.pdf","Consolidated.pdf"
"C:\Users\mdham\Downloads\Kingston-Engineering-College-main\Kingston-Engineering-College-main\assets\pdfs\naac\Criteria 6\6.4.1\Budget","Budget"
"C:\Users\mdham\Downloads\Kingston-Engineering-College-main\Kingston-Engineering-College-main\assets\pdfs\naac\Criteria 6\6.4.1\Criteria 4 Web Site Copy (1)","Criteria 4 Web Site Copy (1)"
"C:\Users\mdham\Downloads\Kingston-Engineering-College-main\Kingston-Engineering-College-main\assets\pdfs\naac\Criteria 6\6.4.1\1.1.docx.pdf","1.1.docx.pdf"
"C:\Users\mdham\Downloads\Kingston-Engineering-College-main\Kingston-Engineering-College-main\assets\pdfs\naac\Criteria 6\6.4.1\4-4-1 Audited Statement.pdf","4-4-1 Audited Statement.pdf"
"C:\Users\mdham\Downloads\Kingston-Engineering-College-main\Kingston-Engineering-College-main\assets\pdfs\naac\Criteria 6\6.4.1\Front page.pdf","Front page.pdf"
"C:\Users\mdham\Downloads\Kingston-Engineering-College-main\Kingston-Engineering-College-main\assets\pdfs\naac\Criteria 6\6.4.1\Policy.pdf","Policy.pdf"
"C:\Users\mdham\Downloads\Kingston-Engineering-College-main\Kingston-Engineering-College-main\assets\pdfs\naac\Criteria 6\6.4.1\~$1.docx","~$1.docx"
"C:\Users\mdham\Downloads\Kingston-Engineering-College-main\Kingston-Engineering-College-main\assets\pdfs\naac\Criteria 6\6.4.1\~$2.docx","~$2.docx"
"C:\Users\mdham\Downloads\Kingston-Engineering-College-main\Kingston-Engineering-College-main\assets\pdfs\naac\Criteria 6\6.4.1\Budget\2018_0001.pdf","2018_0001.pdf"
"C:\Users\mdham\Downloads\Kingston-Engineering-College-main\Kingston-Engineering-College-main\assets\pdfs\naac\Criteria 6\6.4.1\Budget\2019_0001.pdf","2019_0001.pdf"
"C:\Users\mdham\Downloads\Kingston-Engineering-College-main\Kingston-Engineering-College-main\assets\pdfs\naac\Criteria 6\6.4.1\Budget\2020_0001.pdf","2020_0001.pdf"
"C:\Users\mdham\Downloads\Kingston-Engineering-College-main\Kingston-Engineering-College-main\assets\pdfs\naac\Criteria 6\6.4.1\Budget\2021_0001.pdf","2021_0001.pdf"
"C:\Users\mdham\Downloads\Kingston-Engineering-College-main\Kingston-Engineering-College-main\assets\pdfs\naac\Criteria 6\6.4.1\Budget\2022_0001.pdf","2022_0001.pdf"
"C:\Users\mdham\Downloads\Kingston-Engineering-College-main\Kingston-Engineering-College-main\assets\pdfs\naac\Criteria 6\6.4.1\Criteria 4 Web Site Copy (1)\Criteria 4 Web Site Copy","Criteria 4 Web Site Copy"
"C:\Users\mdham\Downloads\Kingston-Engineering-College-main\Kingston-Engineering-College-main\assets\pdfs\naac\Criteria 6\6.4.1\Criteria 4 Web Site Copy (1)\Criteria 4 Web Site Copy\4.1.1","4.1.1"
"C:\Users\mdham\Downloads\Kingston-Engineering-College-main\Kingston-Engineering-College-main\assets\pdfs\naac\Criteria 6\6.4.1\Criteria 4 Web Site Copy (1)\Criteria 4 Web Site Copy\4.1.2","4.1.2"
"C:\Users\mdham\Downloads\Kingston-Engineering-College-main\Kingston-Engineering-College-main\assets\pdfs\naac\Criteria 6\6.4.1\Criteria 4 Web Site Copy (1)\Criteria 4 Web Site Copy\4.2.1","4.2.1"
"C:\Users\mdham\Downloads\Kingston-Engineering-College-main\Kingston-Engineering-College-main\assets\pdfs\naac\Criteria 6\6.4.1\Criteria 4 Web Site Copy (1)\Criteria 4 Web Site Copy\4.3.1","4.3.1"
"C:\Users\mdham\Downloads\Kingston-Engineering-College-main\Kingston-Engineering-College-main\assets\pdfs\naac\Criteria 6\6.4.1\Criteria 4 Web Site Copy (1)\Criteria 4 Web Site Copy\4.3.2","4.3.2"
"C:\Users\mdham\Downloads\Kingston-Engineering-College-main\Kingston-Engineering-College-main\assets\pdfs\naac\Criteria 6\6.4.1\Criteria 4 Web Site Copy (1)\Criteria 4 Web Site Copy\4.4.1","4.4.1"
"C:\Users\mdham\Downloads\Kingston-Engineering-College-main\Kingston-Engineering-College-main\assets\pdfs\naac\Criteria 6\6.4.1\Criteria 4 Web Site Copy (1)\Criteria 4 Web Site Copy\4.1.1\1.docx","1.docx"
"C:\Users\mdham\Downloads\Kingston-Engineering-College-main\Kingston-Engineering-College-main\assets\pdfs\naac\Criteria 6\6.4.1\Criteria 4 Web Site Copy (1)\Criteria 4 Web Site Copy\4.1.1\1.pdf","1.pdf"
"C:\Users\mdham\Downloads\Kingston-Engineering-College-main\Kingston-Engineering-College-main\assets\pdfs\naac\Criteria 6\6.4.1\Criteria 4 Web Site Copy (1)\Criteria 4 Web Site Copy\4.1.1\2.docx","2.docx"
"C:\Users\mdham\Downloads\Kingston-Engineering-College-main\Kingston-Engineering-College-main\assets\pdfs\naac\Criteria 6\6.4.1\Criteria 4 Web Site Copy (1)\Criteria 4 Web Site Copy\4.1.1\2.pdf","2.pdf"
"C:\Users\mdham\Downloads\Kingston-Engineering-College-main\Kingston-Engineering-College-main\assets\pdfs\naac\Criteria 6\6.4.1\Criteria 4 Web Site Copy (1)\Criteria 4 Web Site Copy\4.1.1\4-1-1 Academic - ICT Facilities.pdf","4-1-1 Academic - ICT Facilities.pdf"
"C:\Users\mdham\Downloads\Kingston-Engineering-College-main\Kingston-Engineering-College-main\assets\pdfs\naac\Criteria 6\6.4.1\Criteria 4 Web Site Copy (1)\Criteria 4 Web Site Copy\4.1.1\4-1-1 Additional Information.pdf","4-1-1 Additional Information.pdf"
"C:\Users\mdham\Downloads\Kingston-Engineering-College-main\Kingston-Engineering-College-main\assets\pdfs\naac\Criteria 6\6.4.1\Criteria 4 Web Site Copy (1)\Criteria 4 Web Site Copy\4.1.1\Front Sheet.docx","Front Sheet.docx"
"C:\Users\mdham\Downloads\Kingston-Engineering-College-main\Kingston-Engineering-College-main\assets\pdfs\naac\Criteria 6\6.4.1\Criteria 4 Web Site Copy (1)\Criteria 4 Web Site Copy\4.1.1\Front Sheet.pdf","Front Sheet.pdf"
"C:\Users\mdham\Downloads\Kingston-Engineering-College-main\Kingston-Engineering-College-main\assets\pdfs\naac\Criteria 6\6.4.1\Criteria 4 Web Site Copy (1)\Criteria 4 Web Site Copy\4.1.2\1-1.pdf","1-1.pdf"
"C:\Users\mdham\Downloads\Kingston-Engineering-College-main\Kingston-Engineering-College-main\assets\pdfs\naac\Criteria 6\6.4.1\Criteria 4 Web Site Copy (1)\Criteria 4 Web Site Copy\4.1.2\1.1.docx","1.1.docx"
"C:\Users\mdham\Downloads\Kingston-Engineering-College-main\Kingston-Engineering-College-main\assets\pdfs\naac\Criteria 6\6.4.1\Criteria 4 Web Site Copy (1)\Criteria 4 Web Site Copy\4.1.2\1.docx","1.docx"
"C:\Users\mdham\Downloads\Kingston-Engineering-College-main\Kingston-Engineering-College-main\assets\pdfs\naac\Criteria 6\6.4.1\Criteria 4 Web Site Copy (1)\Criteria 4 Web Site Copy\4.1.2\1.pdf","1.pdf"
"C:\Users\mdham\Downloads\Kingston-Engineering-College-main\Kingston-Engineering-College-main\assets\pdfs\naac\Criteria 6\6.4.1\Criteria 4 Web Site Copy (1)\Criteria 4 Web Site Copy\4.1.2\4-1-2 Audited Statement.pdf","4-1-2 Audited Statement.pdf"
"C:\Users\mdham\Downloads\Kingston-Engineering-College-main\Kingston-Engineering-College-main\assets\pdfs\naac\Criteria 6\6.4.1\Criteria 4 Web Site Copy (1)\Criteria 4 Web Site Copy\4.1.2\4-1-2 Augmentation Expenditure.pdf","4-1-2 Augmentation Expenditure.pdf"
"C:\Users\mdham\Downloads\Kingston-Engineering-College-main\Kingston-Engineering-College-main\assets\pdfs\naac\Criteria 6\6.4.1\Criteria 4 Web Site Copy (1)\Criteria 4 Web Site Copy\4.1.2\4-1-2 DVV.xlsx","4-1-2 DVV.xlsx"
"C:\Users\mdham\Downloads\Kingston-Engineering-College-main\Kingston-Engineering-College-main\assets\pdfs\naac\Criteria 6\6.4.1\Criteria 4 Web Site Copy (1)\Criteria 4 Web Site Copy\4.1.2\Front Sheet.docx","Front Sheet.docx"
"C:\Users\mdham\Downloads\Kingston-Engineering-College-main\Kingston-Engineering-College-main\assets\pdfs\naac\Criteria 6\6.4.1\Criteria 4 Web Site Copy (1)\Criteria 4 Web Site Copy\4.1.2\Front Sheet.pdf","Front Sheet.pdf"
"C:\Users\mdham\Downloads\Kingston-Engineering-College-main\Kingston-Engineering-College-main\assets\pdfs\naac\Criteria 6\6.4.1\Criteria 4 Web Site Copy (1)\Criteria 4 Web Site Copy\4.1.2\Income Expenditure Statement.pdf","Income Expenditure Statement.pdf"
"C:\Users\mdham\Downloads\Kingston-Engineering-College-main\Kingston-Engineering-College-main\assets\pdfs\naac\Criteria 6\6.4.1\Criteria 4 Web Site Copy (1)\Criteria 4 Web Site Copy\4.1.2\QnM 4-1-2 Index Sheet.pdf","QnM 4-1-2 Index Sheet.pdf"
"C:\Users\mdham\Downloads\Kingston-Engineering-College-main\Kingston-Engineering-College-main\assets\pdfs\naac\Criteria 6\6.4.1\Criteria 4 Web Site Copy (1)\Criteria 4 Web Site Copy\4.2.1\1.docx","1.docx"
"C:\Users\mdham\Downloads\Kingston-Engineering-College-main\Kingston-Engineering-College-main\assets\pdfs\naac\Criteria 6\6.4.1\Criteria 4 Web Site Copy (1)\Criteria 4 Web Site Copy\4.2.1\1.pdf","1.pdf"
"C:\Users\mdham\Downloads\Kingston-Engineering-College-main\Kingston-Engineering-College-main\assets\pdfs\naac\Criteria 6\6.4.1\Criteria 4 Web Site Copy (1)\Criteria 4 Web Site Copy\4.2.1\4-2-1 BOOKS - JOURNALS.pdf","4-2-1 BOOKS - JOURNALS.pdf"
"C:\Users\mdham\Downloads\Kingston-Engineering-College-main\Kingston-Engineering-College-main\assets\pdfs\naac\Criteria 6\6.4.1\Criteria 4 Web Site Copy (1)\Criteria 4 Web Site Copy\4.2.1\4-2-1 E-RESOURCES - SUBSCRIPTION.pdf","4-2-1 E-RESOURCES - SUBSCRIPTION.pdf"
"C:\Users\mdham\Downloads\Kingston-Engineering-College-main\Kingston-Engineering-College-main\assets\pdfs\naac\Criteria 6\6.4.1\Criteria 4 Web Site Copy (1)\Criteria 4 Web Site Copy\4.2.1\4-2-1 ILMS.pdf","4-2-1 ILMS.pdf"
"C:\Users\mdham\Downloads\Kingston-Engineering-College-main\Kingston-Engineering-College-main\assets\pdfs\naac\Criteria 6\6.4.1\Criteria 4 Web Site Copy (1)\Criteria 4 Web Site Copy\4.2.1\4-2-1 LIBRARY UTILIZATION.pdf","4-2-1 LIBRARY UTILIZATION.pdf"
"C:\Users\mdham\Downloads\Kingston-Engineering-College-main\Kingston-Engineering-College-main\assets\pdfs\naac\Criteria 6\6.4.1\Criteria 4 Web Site Copy (1)\Criteria 4 Web Site Copy\4.2.1\Front Sheet.docx","Front Sheet.docx"
"C:\Users\mdham\Downloads\Kingston-Engineering-College-main\Kingston-Engineering-College-main\assets\pdfs\naac\Criteria 6\6.4.1\Criteria 4 Web Site Copy (1)\Criteria 4 Web Site Copy\4.2.1\Front Sheet.pdf","Front Sheet.pdf"
"C:\Users\mdham\Downloads\Kingston-Engineering-College-main\Kingston-Engineering-College-main\assets\pdfs\naac\Criteria 6\6.4.1\Criteria 4 Web Site Copy (1)\Criteria 4 Web Site Copy\4.3.1\1.docx","1.docx"
"C:\Users\mdham\Downloads\Kingston-Engineering-College-main\Kingston-Engineering-College-main\assets\pdfs\naac\Criteria 6\6.4.1\Criteria 4 Web Site Copy (1)\Criteria 4 Web Site Copy\4.3.1\1.pdf","1.pdf"
"C:\Users\mdham\Downloads\Kingston-Engineering-College-main\Kingston-Engineering-College-main\assets\pdfs\naac\Criteria 6\6.4.1\Criteria 4 Web Site Copy (1)\Criteria 4 Web Site Copy\4.3.1\4-3-1 Additional Information.pdf","4-3-1 Additional Information.pdf"
"C:\Users\mdham\Downloads\Kingston-Engineering-College-main\Kingston-Engineering-College-main\assets\pdfs\naac\Criteria 6\6.4.1\Criteria 4 Web Site Copy (1)\Criteria 4 Web Site Copy\4.3.1\4-3-1 Wi-Fi and Internet Bandwidth details.pdf","4-3-1 Wi-Fi and Internet Bandwidth details.pdf"
"C:\Users\mdham\Downloads\Kingston-Engineering-College-main\Kingston-Engineering-College-main\assets\pdfs\naac\Criteria 6\6.4.1\Criteria 4 Web Site Copy (1)\Criteria 4 Web Site Copy\4.3.1\Front Sheet.docx","Front Sheet.docx"
"C:\Users\mdham\Downloads\Kingston-Engineering-College-main\Kingston-Engineering-College-main\assets\pdfs\naac\Criteria 6\6.4.1\Criteria 4 Web Site Copy (1)\Criteria 4 Web Site Copy\4.3.1\Front Sheet.pdf","Front Sheet.pdf"
"C:\Users\mdham\Downloads\Kingston-Engineering-College-main\Kingston-Engineering-College-main\assets\pdfs\naac\Criteria 6\6.4.1\Criteria 4 Web Site Copy (1)\Criteria 4 Web Site Copy\4.3.1\IT Policy.docx","IT Policy.docx"
"C:\Users\mdham\Downloads\Kingston-Engineering-College-main\Kingston-Engineering-College-main\assets\pdfs\naac\Criteria 6\6.4.1\Criteria 4 Web Site Copy (1)\Criteria 4 Web Site Copy\4.3.1\IT Policy.pdf","IT Policy.pdf"
"C:\Users\mdham\Downloads\Kingston-Engineering-College-main\Kingston-Engineering-College-main\assets\pdfs\naac\Criteria 6\6.4.1\Criteria 4 Web Site Copy (1)\Criteria 4 Web Site Copy\4.3.2\1.docx","1.docx"
"C:\Users\mdham\Downloads\Kingston-Engineering-College-main\Kingston-Engineering-College-main\assets\pdfs\naac\Criteria 6\6.4.1\Criteria 4 Web Site Copy (1)\Criteria 4 Web Site Copy\4.3.2\1.pdf","1.pdf"
"C:\Users\mdham\Downloads\Kingston-Engineering-College-main\Kingston-Engineering-College-main\assets\pdfs\naac\Criteria 6\6.4.1\Criteria 4 Web Site Copy (1)\Criteria 4 Web Site Copy\4.3.2\2.docx","2.docx"
"C:\Users\mdham\Downloads\Kingston-Engineering-College-main\Kingston-Engineering-College-main\assets\pdfs\naac\Criteria 6\6.4.1\Criteria 4 Web Site Copy (1)\Criteria 4 Web Site Copy\4.3.2\2.pdf","2.pdf"
"C:\Users\mdham\Downloads\Kingston-Engineering-College-main\Kingston-Engineering-College-main\assets\pdfs\naac\Criteria 6\6.4.1\Criteria 4 Web Site Copy (1)\Criteria 4 Web Site Copy\4.3.2\4-3-2 Bills and Maintenance Register.pdf","4-3-2 Bills and Maintenance Register.pdf"
"C:\Users\mdham\Downloads\Kingston-Engineering-College-main\Kingston-Engineering-College-main\assets\pdfs\naac\Criteria 6\6.4.1\Criteria 4 Web Site Copy (1)\Criteria 4 Web Site Copy\4.3.2\4-3-2 Stock Register Extracts.pdf","4-3-2 Stock Register Extracts.pdf"
"C:\Users\mdham\Downloads\Kingston-Engineering-College-main\Kingston-Engineering-College-main\assets\pdfs\naac\Criteria 6\6.4.1\Criteria 4 Web Site Copy (1)\Criteria 4 Web Site Copy\4.3.2\Front Sheet.docx","Front Sheet.docx"
"C:\Users\mdham\Downloads\Kingston-Engineering-College-main\Kingston-Engineering-College-main\assets\pdfs\naac\Criteria 6\6.4.1\Criteria 4 Web Site Copy (1)\Criteria 4 Web Site Copy\4.3.2\Front Sheet.pdf","Front Sheet.pdf"
"C:\Users\mdham\Downloads\Kingston-Engineering-College-main\Kingston-Engineering-College-main\assets\pdfs\naac\Criteria 6\6.4.1\Criteria 4 Web Site Copy (1)\Criteria 4 Web Site Copy\4.3.2\QnM 4-3-2 Index Sheet.pdf","QnM 4-3-2 Index Sheet.pdf"
"C:\Users\mdham\Downloads\Kingston-Engineering-College-main\Kingston-Engineering-College-main\assets\pdfs\naac\Criteria 6\6.4.1\Criteria 4 Web Site Copy (1)\Criteria 4 Web Site Copy\4.4.1\1-1.pdf","1-1.pdf"
"C:\Users\mdham\Downloads\Kingston-Engineering-College-main\Kingston-Engineering-College-main\assets\pdfs\naac\Criteria 6\6.4.1\Criteria 4 Web Site Copy (1)\Criteria 4 Web Site Copy\4.4.1\1.1.docx","1.1.docx"
"C:\Users\mdham\Downloads\Kingston-Engineering-College-main\Kingston-Engineering-College-main\assets\pdfs\naac\Criteria 6\6.4.1\Criteria 4 Web Site Copy (1)\Criteria 4 Web Site Copy\4.4.1\1.docx","1.docx"
"C:\Users\mdham\Downloads\Kingston-Engineering-College-main\Kingston-Engineering-College-main\assets\pdfs\naac\Criteria 6\6.4.1\Criteria 4 Web Site Copy (1)\Criteria 4 Web Site Copy\4.4.1\1.pdf","1.pdf"
"C:\Users\mdham\Downloads\Kingston-Engineering-College-main\Kingston-Engineering-College-main\assets\pdfs\naac\Criteria 6\6.4.1\Criteria 4 Web Site Copy (1)\Criteria 4 Web Site Copy\4.4.1\4-4-1 Audited Statement.pdf","4-4-1 Audited Statement.pdf"
"C:\Users\mdham\Downloads\Kingston-Engineering-College-main\Kingston-Engineering-College-main\assets\pdfs\naac\Criteria 6\6.4.1\Criteria 4 Web Site Copy (1)\Criteria 4 Web Site Copy\4.4.1\4-4-1 DVV.xlsx","4-4-1 DVV.xlsx"
"C:\Users\mdham\Downloads\Kingston-Engineering-College-main\Kingston-Engineering-College-main\assets\pdfs\naac\Criteria 6\6.4.1\Criteria 4 Web Site Copy (1)\Criteria 4 Web Site Copy\4.4.1\4-4-1 Expenditure Summary.pdf","4-4-1 Expenditure Summary.pdf"
"C:\Users\mdham\Downloads\Kingston-Engineering-College-main\Kingston-Engineering-College-main\assets\pdfs\naac\Criteria 6\6.4.1\Criteria 4 Web Site Copy (1)\Criteria 4 Web Site Copy\4.4.1\4-4-1 Income Expenditure Statement.pdf","4-4-1 Income Expenditure Statement.pdf"
"C:\Users\mdham\Downloads\Kingston-Engineering-College-main\Kingston-Engineering-College-main\assets\pdfs\naac\Criteria 6\6.4.1\Criteria 4 Web Site Copy (1)\Criteria 4 Web Site Copy\4.4.1\Front Sheet.docx","Front Sheet.docx"
"C:\Users\mdham\Downloads\Kingston-Engineering-College-main\Kingston-Engineering-College-main\assets\pdfs\naac\Criteria 6\6.4.1\Criteria 4 Web Site Copy (1)\Criteria 4 Web Site Copy\4.4.1\Front Sheet.pdf","Front Sheet.pdf"
"C:\Users\mdham\Downloads\Kingston-Engineering-College-main\Kingston-Engineering-College-main\assets\pdfs\naac\Criteria 6\6.4.1\Criteria 4 Web Site Copy (1)\Criteria 4 Web Site Copy\4.4.1\Infrastructure Maintenance Policy.docx","Infrastructure Maintenance Policy.docx"
"C:\Users\mdham\Downloads\Kingston-Engineering-College-main\Kingston-Engineering-College-main\assets\pdfs\naac\Criteria 6\6.4.1\Criteria 4 Web Site Copy (1)\Criteria 4 Web Site Copy\4.4.1\Infrastructure Maintenance Policy.pdf","Infrastructure Maintenance Policy.pdf"
"C:\Users\mdham\Downloads\Kingston-Engineering-College-main\Kingston-Engineering-College-main\assets\pdfs\naac\Criteria 6\6.4.1\Criteria 4 Web Site Copy (1)\Criteria 4 Web Site Copy\4.4.1\QnM 4-4-1 Index Sheet.pdf","QnM 4-4-1 Index Sheet.pdf"
"C:\Users\mdham\Downloads\Kingston-Engineering-College-main\Kingston-Engineering-College-main\assets\pdfs\naac\Criteria 6\6.5.1\1. MOM.pdf","1. MOM.pdf"
"C:\Users\mdham\Downloads\Kingston-Engineering-College-main\Kingston-Engineering-College-main\assets\pdfs\naac\Criteria 6\6.5.1\1.1.pdf","1.1.pdf"
"C:\Users\mdham\Downloads\Kingston-Engineering-College-main\Kingston-Engineering-College-main\assets\pdfs\naac\Criteria 6\6.5.1\2. MOM.pdf","2. MOM.pdf"
"C:\Users\mdham\Downloads\Kingston-Engineering-College-main\Kingston-Engineering-College-main\assets\pdfs\naac\Criteria 6\6.5.1\3. MOM.pdf","3. MOM.pdf"
"C:\Users\mdham\Downloads\Kingston-Engineering-College-main\Kingston-Engineering-College-main\assets\pdfs\naac\Criteria 6\6.5.1\4. MOM.pdf","4. MOM.pdf"
"C:\Users\mdham\Downloads\Kingston-Engineering-College-main\Kingston-Engineering-College-main\assets\pdfs\naac\Criteria 6\6.5.1\5. MOM.pdf","5. MOM.pdf"
"C:\Users\mdham\Downloads\Kingston-Engineering-College-main\Kingston-Engineering-College-main\assets\pdfs\naac\Criteria 6\6.5.1\6. MOM.pdf","6. MOM.pdf"
"C:\Users\mdham\Downloads\Kingston-Engineering-College-main\Kingston-Engineering-College-main\assets\pdfs\naac\Criteria 6\6.5.1\7. MOM.pdf","7. MOM.pdf"
"C:\Users\mdham\Downloads\Kingston-Engineering-College-main\Kingston-Engineering-College-main\assets\pdfs\naac\Criteria 6\6.5.1\8. MOM.pdf","8. MOM.pdf"
"C:\Users\mdham\Downloads\Kingston-Engineering-College-main\Kingston-Engineering-College-main\assets\pdfs\naac\Criteria 6\6.5.1\Front Sheet.pdf","Front Sheet.pdf"
"C:\Users\mdham\Downloads\Kingston-Engineering-College-main\Kingston-Engineering-College-main\assets\pdfs\naac\Criteria 6\6.5.1\IQAC Composition.pdf","IQAC Composition.pdf"
"C:\Users\mdham\Downloads\Kingston-Engineering-College-main\Kingston-Engineering-College-main\assets\pdfs\naac\Criteria 6\6.5.1\list of activities_0001.pdf","list of activities_0001.pdf"
"C:\Users\mdham\Downloads\Kingston-Engineering-College-main\Kingston-Engineering-College-main\assets\pdfs\naac\Criteria 6\6.5.1\~$1.docx","~$1.docx"
"C:\Users\mdham\Downloads\Kingston-Engineering-College-main\Kingston-Engineering-College-main\assets\pdfs\naac\Criteria 6\6.5.1\~$2.docx","~$2.docx"
"C:\Users\mdham\Downloads\Kingston-Engineering-College-main\Kingston-Engineering-College-main\assets\pdfs\naac\Criteria 6\6.5.2\Academic Audit (1)","Academic Audit (1)"
"C:\Users\mdham\Downloads\Kingston-Engineering-College-main\Kingston-Engineering-College-main\assets\pdfs\naac\Criteria 6\6.5.2\audits","audits"
"C:\Users\mdham\Downloads\Kingston-Engineering-College-main\Kingston-Engineering-College-main\assets\pdfs\naac\Criteria 6\6.5.2\Collabrative","Collabrative"
"C:\Users\mdham\Downloads\Kingston-Engineering-College-main\Kingston-Engineering-College-main\assets\pdfs\naac\Criteria 6\6.5.2\iqacminutes (1)","iqacminutes (1)"
"C:\Users\mdham\Downloads\Kingston-Engineering-College-main\Kingston-Engineering-College-main\assets\pdfs\naac\Criteria 6\6.5.2\2.1.pdf","2.1.pdf"
"C:\Users\mdham\Downloads\Kingston-Engineering-College-main\Kingston-Engineering-College-main\assets\pdfs\naac\Criteria 6\6.5.2\2.pdf","2.pdf"
"C:\Users\mdham\Downloads\Kingston-Engineering-College-main\Kingston-Engineering-College-main\assets\pdfs\naac\Criteria 6\6.5.2\2018-2019_0001.pdf","2018-2019_0001.pdf"
"C:\Users\mdham\Downloads\Kingston-Engineering-College-main\Kingston-Engineering-College-main\assets\pdfs\naac\Criteria 6\6.5.2\2020-2021_0001.pdf","2020-2021_0001.pdf"
"C:\Users\mdham\Downloads\Kingston-Engineering-College-main\Kingston-Engineering-College-main\assets\pdfs\naac\Criteria 6\6.5.2\2021-2022_0001.pdf","2021-2022_0001.pdf"
"C:\Users\mdham\Downloads\Kingston-Engineering-College-main\Kingston-Engineering-College-main\assets\pdfs\naac\Criteria 6\6.5.2\2022-2023_0001.pdf","2022-2023_0001.pdf"
"C:\Users\mdham\Downloads\Kingston-Engineering-College-main\Kingston-Engineering-College-main\assets\pdfs\naac\Criteria 6\6.5.2\3.1.pdf","3.1.pdf"
"C:\Users\mdham\Downloads\Kingston-Engineering-College-main\Kingston-Engineering-College-main\assets\pdfs\naac\Criteria 6\6.5.2\4.1.pdf","4.1.pdf"
"C:\Users\mdham\Downloads\Kingston-Engineering-College-main\Kingston-Engineering-College-main\assets\pdfs\naac\Criteria 6\6.5.2\5.1.pdf","5.1.pdf"
"C:\Users\mdham\Downloads\Kingston-Engineering-College-main\Kingston-Engineering-College-main\assets\pdfs\naac\Criteria 6\6.5.2\Collabarative.pdf","Collabarative.pdf"
"C:\Users\mdham\Downloads\Kingston-Engineering-College-main\Kingston-Engineering-College-main\assets\pdfs\naac\Criteria 6\6.5.2\Front Sheet.pdf","Front Sheet.pdf"
"C:\Users\mdham\Downloads\Kingston-Engineering-College-main\Kingston-Engineering-College-main\assets\pdfs\naac\Criteria 6\6.5.2\Title Page_0001.pdf","Title Page_0001.pdf"
"C:\Users\mdham\Downloads\Kingston-Engineering-College-main\Kingston-Engineering-College-main\assets\pdfs\naac\Criteria 6\6.5.2\~$1.docx","~$1.docx"
"C:\Users\mdham\Downloads\Kingston-Engineering-College-main\Kingston-Engineering-College-main\assets\pdfs\naac\Criteria 6\6.5.2\~$2.docx","~$2.docx"
"C:\Users\mdham\Downloads\Kingston-Engineering-College-main\Kingston-Engineering-College-main\assets\pdfs\naac\Criteria 6\6.5.2\Academic Audit (1)\Academic Audit","Academic Audit"
"C:\Users\mdham\Downloads\Kingston-Engineering-College-main\Kingston-Engineering-College-main\assets\pdfs\naac\Criteria 6\6.5.2\Academic Audit (1)\Academic Audit\2018-2019_0001.pdf","2018-2019_0001.pdf"
"C:\Users\mdham\Downloads\Kingston-Engineering-College-main\Kingston-Engineering-College-main\assets\pdfs\naac\Criteria 6\6.5.2\Academic Audit (1)\Academic Audit\2020-2021_0001.pdf","2020-2021_0001.pdf"
"C:\Users\mdham\Downloads\Kingston-Engineering-College-main\Kingston-Engineering-College-main\assets\pdfs\naac\Criteria 6\6.5.2\Academic Audit (1)\Academic Audit\2021-2022_0001.pdf","2021-2022_0001.pdf"
"C:\Users\mdham\Downloads\Kingston-Engineering-College-main\Kingston-Engineering-College-main\assets\pdfs\naac\Criteria 6\6.5.2\Academic Audit (1)\Academic Audit\2022-2023_0001.pdf","2022-2023_0001.pdf"
"C:\Users\mdham\Downloads\Kingston-Engineering-College-main\Kingston-Engineering-College-main\assets\pdfs\naac\Criteria 6\6.5.2\Academic Audit (1)\Academic Audit\Title Page_0001.pdf","Title Page_0001.pdf"
"C:\Users\mdham\Downloads\Kingston-Engineering-College-main\Kingston-Engineering-College-main\assets\pdfs\naac\Criteria 6\6.5.2\audits\energy audit_0001.pdf","energy audit_0001.pdf"
"C:\Users\mdham\Downloads\Kingston-Engineering-College-main\Kingston-Engineering-College-main\assets\pdfs\naac\Criteria 6\6.5.2\audits\environment audit_0001.pdf","environment audit_0001.pdf"
"C:\Users\mdham\Downloads\Kingston-Engineering-College-main\Kingston-Engineering-College-main\assets\pdfs\naac\Criteria 6\6.5.2\audits\green audit_0001.pdf","green audit_0001.pdf"
"C:\Users\mdham\Downloads\Kingston-Engineering-College-main\Kingston-Engineering-College-main\assets\pdfs\naac\Criteria 6\6.5.2\audits\iso audit_0001.pdf","iso audit_0001.pdf"
"C:\Users\mdham\Downloads\Kingston-Engineering-College-main\Kingston-Engineering-College-main\assets\pdfs\naac\Criteria 6\6.5.2\audits\NBA_0001.pdf","NBA_0001.pdf"
"C:\Users\mdham\Downloads\Kingston-Engineering-College-main\Kingston-Engineering-College-main\assets\pdfs\naac\Criteria 6\6.5.2\Collabrative\5.1.pdf","5.1.pdf"
"C:\Users\mdham\Downloads\Kingston-Engineering-College-main\Kingston-Engineering-College-main\assets\pdfs\naac\Criteria 6\6.5.2\Collabrative\COLLABRATIVE 2022-23.pdf","COLLABRATIVE 2022-23.pdf"
"C:\Users\mdham\Downloads\Kingston-Engineering-College-main\Kingston-Engineering-College-main\assets\pdfs\naac\Criteria 6\6.5.2\Collabrative\collabrative.pdf","collabrative.pdf"
"C:\Users\mdham\Downloads\Kingston-Engineering-College-main\Kingston-Engineering-College-main\assets\pdfs\naac\Criteria 6\6.5.2\iqacminutes (1)\2021-2022.pdf","2021-2022.pdf"
"C:\Users\mdham\Downloads\Kingston-Engineering-College-main\Kingston-Engineering-College-main\assets\pdfs\naac\Criteria 6\6.5.2\iqacminutes (1)\2022-2023.pdf","2022-2023.pdf"
"C:\Users\mdham\Downloads\Kingston-Engineering-College-main\Kingston-Engineering-College-main\assets\pdfs\naac\Criteria 6\6.5.2\iqacminutes (1)\2023-2024 new.pdf","2023-2024 new.pdf"
"C:\Users\mdham\Downloads\Kingston-Engineering-College-main\Kingston-Engineering-College-main\assets\pdfs\naac\Criteria 7\7.1.1","7.1.1"
"C:\Users\mdham\Downloads\Kingston-Engineering-College-main\Kingston-Engineering-College-main\assets\pdfs\naac\Criteria 7\7.1.2","7.1.2"
"C:\Users\mdham\Downloads\Kingston-Engineering-College-main\Kingston-Engineering-College-main\assets\pdfs\naac\Criteria 7\7.1.3","7.1.3"
"C:\Users\mdham\Downloads\Kingston-Engineering-College-main\Kingston-Engineering-College-main\assets\pdfs\naac\Criteria 7\7.1.4","7.1.4"
"C:\Users\mdham\Downloads\Kingston-Engineering-College-main\Kingston-Engineering-College-main\assets\pdfs\naac\Criteria 7\7.2","7.2"
"C:\Users\mdham\Downloads\Kingston-Engineering-College-main\Kingston-Engineering-College-main\assets\pdfs\naac\Criteria 7\7.3","7.3"
"C:\Users\mdham\Downloads\Kingston-Engineering-College-main\Kingston-Engineering-College-main\assets\pdfs\naac\Criteria 7\7.1.1\Facilities for Women on Campus","Facilities for Women on Campus"
"C:\Users\mdham\Downloads\Kingston-Engineering-College-main\Kingston-Engineering-College-main\assets\pdfs\naac\Criteria 7\7.1.1\Gender Equity in Co-Curriculur Activities","Gender Equity in Co-Curriculur Activities"
"C:\Users\mdham\Downloads\Kingston-Engineering-College-main\Kingston-Engineering-College-main\assets\pdfs\naac\Criteria 7\7.1.1\Gender Equity in Curriculum","Gender Equity in Curriculum"
"C:\Users\mdham\Downloads\Kingston-Engineering-College-main\Kingston-Engineering-College-main\assets\pdfs\naac\Criteria 7\7.1.1\1.1.pdf","1.1.pdf"
"C:\Users\mdham\Downloads\Kingston-Engineering-College-main\Kingston-Engineering-College-main\assets\pdfs\naac\Criteria 7\7.1.1\1.2.pdf","1.2.pdf"
"C:\Users\mdham\Downloads\Kingston-Engineering-College-main\Kingston-Engineering-College-main\assets\pdfs\naac\Criteria 7\7.1.1\Front Page.pdf","Front Page.pdf"
"C:\Users\mdham\Downloads\Kingston-Engineering-College-main\Kingston-Engineering-College-main\assets\pdfs\naac\Criteria 7\7.1.1\Facilities for Women on Campus\Facilities Provided for women-Updated.pdf","Facilities Provided for women-Updated.pdf"
"C:\Users\mdham\Downloads\Kingston-Engineering-College-main\Kingston-Engineering-College-main\assets\pdfs\naac\Criteria 7\7.1.1\Gender Equity in Co-Curriculur Activities\2018-2019.pdf","2018-2019.pdf"
"C:\Users\mdham\Downloads\Kingston-Engineering-College-main\Kingston-Engineering-College-main\assets\pdfs\naac\Criteria 7\7.1.1\Gender Equity in Co-Curriculur Activities\2019-2020.pdf","2019-2020.pdf"
"C:\Users\mdham\Downloads\Kingston-Engineering-College-main\Kingston-Engineering-College-main\assets\pdfs\naac\Criteria 7\7.1.1\Gender Equity in Co-Curriculur Activities\2020-2021.pdf","2020-2021.pdf"
"C:\Users\mdham\Downloads\Kingston-Engineering-College-main\Kingston-Engineering-College-main\assets\pdfs\naac\Criteria 7\7.1.1\Gender Equity in Co-Curriculur Activities\2021-2022.pdf","2021-2022.pdf"
"C:\Users\mdham\Downloads\Kingston-Engineering-College-main\Kingston-Engineering-College-main\assets\pdfs\naac\Criteria 7\7.1.1\Gender Equity in Co-Curriculur Activities\2022-2023.pdf","2022-2023.pdf"
"C:\Users\mdham\Downloads\Kingston-Engineering-College-main\Kingston-Engineering-College-main\assets\pdfs\naac\Criteria 7\7.1.1\Gender Equity in Curriculum\Gender Equity in Curriculam.pdf","Gender Equity in Curriculam.pdf"
"C:\Users\mdham\Downloads\Kingston-Engineering-College-main\Kingston-Engineering-College-main\assets\pdfs\naac\Criteria 7\7.1.2\7.1.2","7.1.2"
"C:\Users\mdham\Downloads\Kingston-Engineering-College-main\Kingston-Engineering-College-main\assets\pdfs\naac\Criteria 7\7.1.2\1.1.pdf","1.1.pdf"
"C:\Users\mdham\Downloads\Kingston-Engineering-College-main\Kingston-Engineering-College-main\assets\pdfs\naac\Criteria 7\7.1.2\1.2.pdf","1.2.pdf"
"C:\Users\mdham\Downloads\Kingston-Engineering-College-main\Kingston-Engineering-College-main\assets\pdfs\naac\Criteria 7\7.1.2\1.3.pdf","1.3.pdf"
"C:\Users\mdham\Downloads\Kingston-Engineering-College-main\Kingston-Engineering-College-main\assets\pdfs\naac\Criteria 7\7.1.2\1.4.pdf","1.4.pdf"
"C:\Users\mdham\Downloads\Kingston-Engineering-College-main\Kingston-Engineering-College-main\assets\pdfs\naac\Criteria 7\7.1.2\1.5.pdf","1.5.pdf"
"C:\Users\mdham\Downloads\Kingston-Engineering-College-main\Kingston-Engineering-College-main\assets\pdfs\naac\Criteria 7\7.1.2\1.6.pdf","1.6.pdf"
"C:\Users\mdham\Downloads\Kingston-Engineering-College-main\Kingston-Engineering-College-main\assets\pdfs\naac\Criteria 7\7.1.2\1.pdf","1.pdf"
"C:\Users\mdham\Downloads\Kingston-Engineering-College-main\Kingston-Engineering-College-main\assets\pdfs\naac\Criteria 7\7.1.2\Front Page.pdf","Front Page.pdf"
"C:\Users\mdham\Downloads\Kingston-Engineering-College-main\Kingston-Engineering-College-main\assets\pdfs\naac\Criteria 7\7.1.2\Index Page_0001.pdf","Index Page_0001.pdf"
"C:\Users\mdham\Downloads\Kingston-Engineering-College-main\Kingston-Engineering-College-main\assets\pdfs\naac\Criteria 7\7.1.2\~$1.docx","~$1.docx"
"C:\Users\mdham\Downloads\Kingston-Engineering-College-main\Kingston-Engineering-College-main\assets\pdfs\naac\Criteria 7\7.1.2\~$ont Page.docx","~$ont Page.docx"
"C:\Users\mdham\Downloads\Kingston-Engineering-College-main\Kingston-Engineering-College-main\assets\pdfs\naac\Criteria 7\7.1.2\7.1.2\3.a. Videos of the facilities","3.a. Videos of the facilities"
"C:\Users\mdham\Downloads\Kingston-Engineering-College-main\Kingston-Engineering-College-main\assets\pdfs\naac\Criteria 7\7.1.2\7.1.2\1.Policy Document.pdf","1.Policy Document.pdf"
"C:\Users\mdham\Downloads\Kingston-Engineering-College-main\Kingston-Engineering-College-main\assets\pdfs\naac\Criteria 7\7.1.2\7.1.2\2.Bills for the purchase of equipment_s for the facilities created under this metric.pdf","2.Bills for the purchase of equipment_s for the facilities created under this metric.pdf"
"C:\Users\mdham\Downloads\Kingston-Engineering-College-main\Kingston-Engineering-College-main\assets\pdfs\naac\Criteria 7\7.1.2\7.1.2\3.Geotageed photographs1.pdf","3.Geotageed photographs1.pdf"
"C:\Users\mdham\Downloads\Kingston-Engineering-College-main\Kingston-Engineering-College-main\assets\pdfs\naac\Criteria 7\7.1.2\7.1.2\4.circular and report of activities for the implementation of initiative document.pdf","4.circular and report of activities for the implementation of initiative document.pdf"
"C:\Users\mdham\Downloads\Kingston-Engineering-College-main\Kingston-Engineering-College-main\assets\pdfs\naac\Criteria 7\7.1.2\7.1.2\3.a. Videos of the facilities\Alternate Sources of Energy.mp4","Alternate Sources of Energy.mp4"
"C:\Users\mdham\Downloads\Kingston-Engineering-College-main\Kingston-Engineering-College-main\assets\pdfs\naac\Criteria 7\7.1.2\7.1.2\3.a. Videos of the facilities\Facility for Disabled.mp4","Facility for Disabled.mp4"
"C:\Users\mdham\Downloads\Kingston-Engineering-College-main\Kingston-Engineering-College-main\assets\pdfs\naac\Criteria 7\7.1.2\7.1.2\3.a. Videos of the facilities\Green Campus.mp4","Green Campus.mp4"
"C:\Users\mdham\Downloads\Kingston-Engineering-College-main\Kingston-Engineering-College-main\assets\pdfs\naac\Criteria 7\7.1.2\7.1.2\3.a. Videos of the facilities\Rain water harvesting.mp4","Rain water harvesting.mp4"
"C:\Users\mdham\Downloads\Kingston-Engineering-College-main\Kingston-Engineering-College-main\assets\pdfs\naac\Criteria 7\7.1.2\7.1.2\3.a. Videos of the facilities\Waste Management.mp4","Waste Management.mp4"
"C:\Users\mdham\Downloads\Kingston-Engineering-College-main\Kingston-Engineering-College-main\assets\pdfs\naac\Criteria 7\7.1.3\7.1.3","7.1.3"
"C:\Users\mdham\Downloads\Kingston-Engineering-College-main\Kingston-Engineering-College-main\assets\pdfs\naac\Criteria 7\7.1.3\1.1.pdf","1.1.pdf"
"C:\Users\mdham\Downloads\Kingston-Engineering-College-main\Kingston-Engineering-College-main\assets\pdfs\naac\Criteria 7\7.1.3\1.2.pdf","1.2.pdf"
"C:\Users\mdham\Downloads\Kingston-Engineering-College-main\Kingston-Engineering-College-main\assets\pdfs\naac\Criteria 7\7.1.3\1.3.pdf","1.3.pdf"
"C:\Users\mdham\Downloads\Kingston-Engineering-College-main\Kingston-Engineering-College-main\assets\pdfs\naac\Criteria 7\7.1.3\1.4.pdf","1.4.pdf"
"C:\Users\mdham\Downloads\Kingston-Engineering-College-main\Kingston-Engineering-College-main\assets\pdfs\naac\Criteria 7\7.1.3\1.5.pdf","1.5.pdf"
"C:\Users\mdham\Downloads\Kingston-Engineering-College-main\Kingston-Engineering-College-main\assets\pdfs\naac\Criteria 7\7.1.3\Front Page.pdf","Front Page.pdf"
"C:\Users\mdham\Downloads\Kingston-Engineering-College-main\Kingston-Engineering-College-main\assets\pdfs\naac\Criteria 7\7.1.3\index page.pdf","index page.pdf"
"C:\Users\mdham\Downloads\Kingston-Engineering-College-main\Kingston-Engineering-College-main\assets\pdfs\naac\Criteria 7\7.1.3\7.1.3\beyond the environmental activities","beyond the environmental activities"
"C:\Users\mdham\Downloads\Kingston-Engineering-College-main\Kingston-Engineering-College-main\assets\pdfs\naac\Criteria 7\7.1.3\7.1.3\awards received from agency_0001.pdf","awards received from agency_0001.pdf"
"C:\Users\mdham\Downloads\Kingston-Engineering-College-main\Kingston-Engineering-College-main\assets\pdfs\naac\Criteria 7\7.1.3\7.1.3\Environment audit certificates.pdf","Environment audit certificates.pdf"
"C:\Users\mdham\Downloads\Kingston-Engineering-College-main\Kingston-Engineering-College-main\assets\pdfs\naac\Criteria 7\7.1.3\7.1.3\Green energy and environment audit reports-2023.pdf","Green energy and environment audit reports-2023.pdf"
"C:\Users\mdham\Downloads\Kingston-Engineering-College-main\Kingston-Engineering-College-main\assets\pdfs\naac\Criteria 7\7.1.3\7.1.3\Policy document & energy usage certificates.pdf","Policy document & energy usage certificates.pdf"
"C:\Users\mdham\Downloads\Kingston-Engineering-College-main\Kingston-Engineering-College-main\assets\pdfs\naac\Criteria 7\7.1.3\7.1.3\beyond the environmental activities\Beyond the campus environmental activities-important.pdf","Beyond the campus environmental activities-important.pdf"
"C:\Users\mdham\Downloads\Kingston-Engineering-College-main\Kingston-Engineering-College-main\assets\pdfs\naac\Criteria 7\7.1.4\Academic courses","Academic courses"
"C:\Users\mdham\Downloads\Kingston-Engineering-College-main\Kingston-Engineering-College-main\assets\pdfs\naac\Criteria 7\7.1.4\Awareness Programs & Celebration of days-Events","Awareness Programs & Celebration of days-Events"
"C:\Users\mdham\Downloads\Kingston-Engineering-College-main\Kingston-Engineering-College-main\assets\pdfs\naac\Criteria 7\7.1.4\1.1.pdf","1.1.pdf"
"C:\Users\mdham\Downloads\Kingston-Engineering-College-main\Kingston-Engineering-College-main\assets\pdfs\naac\Criteria 7\7.1.4\1.pdf","1.pdf"
"C:\Users\mdham\Downloads\Kingston-Engineering-College-main\Kingston-Engineering-College-main\assets\pdfs\naac\Criteria 7\7.1.4\Front Page.pdf","Front Page.pdf"
"C:\Users\mdham\Downloads\Kingston-Engineering-College-main\Kingston-Engineering-College-main\assets\pdfs\naac\Criteria 7\7.1.4\Academic courses\Academic courses.pdf","Academic courses.pdf"
"C:\Users\mdham\Downloads\Kingston-Engineering-College-main\Kingston-Engineering-College-main\assets\pdfs\naac\Criteria 7\7.1.4\Awareness Programs & Celebration of days-Events\2018-2019.pdf","2018-2019.pdf"
"C:\Users\mdham\Downloads\Kingston-Engineering-College-main\Kingston-Engineering-College-main\assets\pdfs\naac\Criteria 7\7.1.4\Awareness Programs & Celebration of days-Events\2019-2020.pdf","2019-2020.pdf"
"C:\Users\mdham\Downloads\Kingston-Engineering-College-main\Kingston-Engineering-College-main\assets\pdfs\naac\Criteria 7\7.1.4\Awareness Programs & Celebration of days-Events\2020-2021.pdf","2020-2021.pdf"
"C:\Users\mdham\Downloads\Kingston-Engineering-College-main\Kingston-Engineering-College-main\assets\pdfs\naac\Criteria 7\7.1.4\Awareness Programs & Celebration of days-Events\2021-2022.pdf","2021-2022.pdf"
"C:\Users\mdham\Downloads\Kingston-Engineering-College-main\Kingston-Engineering-College-main\assets\pdfs\naac\Criteria 7\7.1.4\Awareness Programs & Celebration of days-Events\2022-2023.pdf","2022-2023.pdf"
"C:\Users\mdham\Downloads\Kingston-Engineering-College-main\Kingston-Engineering-College-main\assets\pdfs\naac\Criteria 7\7.2\1.pdf","1.pdf"
"C:\Users\mdham\Downloads\Kingston-Engineering-College-main\Kingston-Engineering-College-main\assets\pdfs\naac\Criteria 7\7.2\2.pdf","2.pdf"
"C:\Users\mdham\Downloads\Kingston-Engineering-College-main\Kingston-Engineering-College-main\assets\pdfs\naac\Criteria 7\7.2\capacity_0001.pdf","capacity_0001.pdf"
"C:\Users\mdham\Downloads\Kingston-Engineering-College-main\Kingston-Engineering-College-main\assets\pdfs\naac\Criteria 7\7.2\Clean and Green campus environment.pdf","Clean and Green campus environment.pdf"
"C:\Users\mdham\Downloads\Kingston-Engineering-College-main\Kingston-Engineering-College-main\assets\pdfs\naac\Criteria 7\7.2\Front Page.pdf","Front Page.pdf"
"C:\Users\mdham\Downloads\Kingston-Engineering-College-main\Kingston-Engineering-College-main\assets\pdfs\naac\Criteria 7\7.2\Higher Education and placement_0002.pdf","Higher Education and placement_0002.pdf"
"C:\Users\mdham\Downloads\Kingston-Engineering-College-main\Kingston-Engineering-College-main\assets\pdfs\naac\Criteria 7\7.2\List Of Carrier Guidance Programs_0001.pdf","List Of Carrier Guidance Programs_0001.pdf"
"C:\Users\mdham\Downloads\Kingston-Engineering-College-main\Kingston-Engineering-College-main\assets\pdfs\naac\Criteria 7\7.2\List of Value Added Courses_0001.pdf","List of Value Added Courses_0001.pdf"
"C:\Users\mdham\Downloads\Kingston-Engineering-College-main\Kingston-Engineering-College-main\assets\pdfs\naac\Criteria 7\7.2\PMKVY 4.0_0001_0001.pdf","PMKVY 4.0_0001_0001.pdf"
"C:\Users\mdham\Downloads\Kingston-Engineering-College-main\Kingston-Engineering-College-main\assets\pdfs\naac\Criteria 7\7.2\Skill Form_0001.pdf","Skill Form_0001.pdf"
"C:\Users\mdham\Downloads\Kingston-Engineering-College-main\Kingston-Engineering-College-main\assets\pdfs\naac\Criteria 7\7.2\Skill Monitoring Committeee_0001.pdf","Skill Monitoring Committeee_0001.pdf"
"C:\Users\mdham\Downloads\Kingston-Engineering-College-main\Kingston-Engineering-College-main\assets\pdfs\naac\Criteria 7\7.3\1.pdf","1.pdf"
"C:\Users\mdham\Downloads\Kingston-Engineering-College-main\Kingston-Engineering-College-main\assets\pdfs\naac\Criteria 7\7.3\Front Page.pdf","Front Page.pdf"
"C:\Users\mdham\Downloads\Kingston-Engineering-College-main\Kingston-Engineering-College-main\assets\pdfs\naac\Criteria 7\7.3\Institutional Distinctiveness-Updated.pdf","Institutional Distinctiveness-Updated.pdf"
"C:\Users\mdham\Downloads\Kingston-Engineering-College-main\Kingston-Engineering-College-main\assets\pdfs\naac\Extended Profile\1.1","1.1"
"C:\Users\mdham\Downloads\Kingston-Engineering-College-main\Kingston-Engineering-College-main\assets\pdfs\naac\Extended Profile\2.1","2.1"
"C:\Users\mdham\Downloads\Kingston-Engineering-College-main\Kingston-Engineering-College-main\assets\pdfs\naac\Extended Profile\2.2","2.2"
"C:\Users\mdham\Downloads\Kingston-Engineering-College-main\Kingston-Engineering-College-main\assets\pdfs\naac\Extended Profile\3.1","3.1"
"C:\Users\mdham\Downloads\Kingston-Engineering-College-main\Kingston-Engineering-College-main\assets\pdfs\naac\Extended Profile\1.1\supporting","supporting"
"C:\Users\mdham\Downloads\Kingston-Engineering-College-main\Kingston-Engineering-College-main\assets\pdfs\naac\Extended Profile\1.1\1.pdf","1.pdf"
"C:\Users\mdham\Downloads\Kingston-Engineering-College-main\Kingston-Engineering-College-main\assets\pdfs\naac\Extended Profile\1.1\2.docx.pdf","2.docx.pdf"
"C:\Users\mdham\Downloads\Kingston-Engineering-College-main\Kingston-Engineering-College-main\assets\pdfs\naac\Extended Profile\1.1\Front Sheet.pdf","Front Sheet.pdf"
"C:\Users\mdham\Downloads\Kingston-Engineering-College-main\Kingston-Engineering-College-main\assets\pdfs\naac\Extended Profile\1.1\supporting\1 Page.pdf","1 Page.pdf"
"C:\Users\mdham\Downloads\Kingston-Engineering-College-main\Kingston-Engineering-College-main\assets\pdfs\naac\Extended Profile\1.1\supporting\1.pdf","1.pdf"
"C:\Users\mdham\Downloads\Kingston-Engineering-College-main\Kingston-Engineering-College-main\assets\pdfs\naac\Extended Profile\1.1\supporting\2.pdf","2.pdf"
"C:\Users\mdham\Downloads\Kingston-Engineering-College-main\Kingston-Engineering-College-main\assets\pdfs\naac\Extended Profile\1.1\supporting\3.pdf","3.pdf"
"C:\Users\mdham\Downloads\Kingston-Engineering-College-main\Kingston-Engineering-College-main\assets\pdfs\naac\Extended Profile\1.1\supporting\4.pdf","4.pdf"
"C:\Users\mdham\Downloads\Kingston-Engineering-College-main\Kingston-Engineering-College-main\assets\pdfs\naac\Extended Profile\1.1\supporting\5.pdf","5.pdf"
"C:\Users\mdham\Downloads\Kingston-Engineering-College-main\Kingston-Engineering-College-main\assets\pdfs\naac\Extended Profile\2.1\Front Sheet.pdf","Front Sheet.pdf"
"C:\Users\mdham\Downloads\Kingston-Engineering-College-main\Kingston-Engineering-College-main\assets\pdfs\naac\Extended Profile\2.1\Scan_0001-1.pdf","Scan_0001-1.pdf"
"C:\Users\mdham\Downloads\Kingston-Engineering-College-main\Kingston-Engineering-College-main\assets\pdfs\naac\Extended Profile\2.2\Supporting Documents","Supporting Documents"
"C:\Users\mdham\Downloads\Kingston-Engineering-College-main\Kingston-Engineering-College-main\assets\pdfs\naac\Extended Profile\2.2\1.pdf","1.pdf"
"C:\Users\mdham\Downloads\Kingston-Engineering-College-main\Kingston-Engineering-College-main\assets\pdfs\naac\Extended Profile\2.2\3.pdf","3.pdf"
"C:\Users\mdham\Downloads\Kingston-Engineering-College-main\Kingston-Engineering-College-main\assets\pdfs\naac\Extended Profile\2.2\Front Sheet.pdf","Front Sheet.pdf"
"C:\Users\mdham\Downloads\Kingston-Engineering-College-main\Kingston-Engineering-College-main\assets\pdfs\naac\Extended Profile\2.2\Scan_0001-2.pdf","Scan_0001-2.pdf"
"C:\Users\mdham\Downloads\Kingston-Engineering-College-main\Kingston-Engineering-College-main\assets\pdfs\naac\Extended Profile\2.2\Supporting Documents\fac list 2018-2019.pdf","fac list 2018-2019.pdf"
"C:\Users\mdham\Downloads\Kingston-Engineering-College-main\Kingston-Engineering-College-main\assets\pdfs\naac\Extended Profile\2.2\Supporting Documents\Fac List 2019-2020.pdf","Fac List 2019-2020.pdf"
"C:\Users\mdham\Downloads\Kingston-Engineering-College-main\Kingston-Engineering-College-main\assets\pdfs\naac\Extended Profile\2.2\Supporting Documents\fac list 2020-2021.pdf","fac list 2020-2021.pdf"
"C:\Users\mdham\Downloads\Kingston-Engineering-College-main\Kingston-Engineering-College-main\assets\pdfs\naac\Extended Profile\2.2\Supporting Documents\Fac list 2021-2022.pdf","Fac list 2021-2022.pdf"
"C:\Users\mdham\Downloads\Kingston-Engineering-College-main\Kingston-Engineering-College-main\assets\pdfs\naac\Extended Profile\2.2\Supporting Documents\Fac List 2022-2023.pdf","Fac List 2022-2023.pdf"
"C:\Users\mdham\Downloads\Kingston-Engineering-College-main\Kingston-Engineering-College-main\assets\pdfs\naac\Extended Profile\2.2\Supporting Documents\Summary Sheet.pdf","Summary Sheet.pdf"
"C:\Users\mdham\Downloads\Kingston-Engineering-College-main\Kingston-Engineering-College-main\assets\pdfs\naac\Extended Profile\3.1\1.pdf","1.pdf"
"C:\Users\mdham\Downloads\Kingston-Engineering-College-main\Kingston-Engineering-College-main\assets\pdfs\naac\Extended Profile\3.1\3.1.pdf","3.1.pdf"
"C:\Users\mdham\Downloads\Kingston-Engineering-College-main\Kingston-Engineering-College-main\assets\pdfs\naac\Extended Profile\3.1\Front Sheet.pdf","Front Sheet.pdf"
